/* Auto-generated by tools/nes2c.py from 2048.nes - DO NOT EDIT. */
#include <stdint.h>

const unsigned char g_nes_rom[] = {
  0x4E, 0x45, 0x53, 0x1A, 0x01, 0x00, 0x00, 0x00, 0x00, 0x00, 0x00, 0x00, 0x00, 0x00, 0x00, 0x00,
  0x78, 0xD8, 0xA2, 0x40, 0x8E, 0x17, 0x40, 0xA2, 0xFF, 0x9A, 0xE8, 0x8E, 0x00, 0x20, 0x8E, 0x01,
  0x20, 0x8E, 0x10, 0x40, 0x8A, 0x95, 0x00, 0x9D, 0x00, 0x01, 0x9D, 0x00, 0x02, 0x9D, 0x00, 0x03,
  0x9D, 0x00, 0x04, 0x9D, 0x00, 0x05, 0x9D, 0x00, 0x06, 0x9D, 0x00, 0x07, 0xE8, 0xD0, 0xE6, 0xA9,
  0xFE, 0x9D, 0x00, 0x07, 0xE8, 0xE8, 0xE8, 0xE8, 0xD0, 0xF7, 0xA9, 0xAC, 0xA2, 0xE1, 0x8D, 0x29,
  0x02, 0x8E, 0x2A, 0x02, 0x20, 0x28, 0xC2, 0xA2, 0x07, 0xA9, 0x00, 0x9D, 0x42, 0x02, 0x9D, 0x62,
  0x02, 0xA9, 0xFC, 0x9D, 0x4A, 0x02, 0x8A, 0x9D, 0x32, 0x02, 0xCA, 0x10, 0xEC, 0xA9, 0x00, 0x8D,
  0x6C, 0x02, 0x8D, 0x6B, 0x02, 0x2C, 0x02, 0x20, 0x2C, 0x02, 0x20, 0x10, 0xFB, 0x2C, 0x02, 0x20,
  0x10, 0xFB, 0xA2, 0x34, 0xA0, 0x18, 0xCA, 0xD0, 0xFD, 0x88, 0xD0, 0xFA, 0xAD, 0x02, 0x20, 0x29,
  0x80, 0x8D, 0x1F, 0x02, 0x20, 0xA0, 0xCA, 0xAD, 0x02, 0x02, 0x09, 0x40, 0x8D, 0x02, 0x02, 0xAD,
  0x00, 0x02, 0x8D, 0x00, 0x20, 0xAD, 0x02, 0x02, 0x10, 0xFB, 0x29, 0x7F, 0x8D, 0x02, 0x02, 0x20,
  0xCE, 0xCB, 0x4C, 0x95, 0xC0, 0x24, 0x07, 0x10, 0x01, 0x40, 0x48, 0x8A, 0x48, 0x98, 0x48, 0xC6,
  0x07, 0xAD, 0x1F, 0x02, 0x10, 0x0E, 0xEE, 0x1F, 0x02, 0xC9, 0x85, 0xD0, 0x07, 0xA9, 0x80, 0x8D,
  0x1F, 0x02, 0x30, 0x6B, 0xEE, 0x1E, 0x02, 0xAD, 0x02, 0x02, 0x29, 0x40, 0xF0, 0x06, 0xAD, 0x01,
  0x02, 0x8D, 0x01, 0x20, 0xA9, 0x80, 0x8D, 0x02, 0x02, 0xA9, 0x00, 0x8D, 0x03, 0x20, 0xA9, 0x07,
  0x8D, 0x14, 0x40, 0xA9, 0x3F, 0x8D, 0x06, 0x20, 0xA2, 0x00, 0x8E, 0x06, 0x20, 0xAC, 0x05, 0x02,
  0x8C, 0x07, 0x20, 0xBD, 0x06, 0x02, 0x8D, 0x07, 0x20, 0xBD, 0x07, 0x02, 0x8D, 0x07, 0x20, 0xBD,
  0x08, 0x02, 0x8D, 0x07, 0x20, 0x8C, 0x07, 0x20, 0xE8, 0xE8, 0xE8, 0xE0, 0x18, 0xD0, 0xE4, 0x20,
  0x56, 0xD1, 0xAD, 0x06, 0x20, 0xA9, 0x00, 0x8D, 0x06, 0x20, 0x8D, 0x06, 0x20, 0xAD, 0x03, 0x02,
  0x8D, 0x05, 0x20, 0xAD, 0x04, 0x02, 0x8D, 0x05, 0x20, 0xAD, 0x00, 0x02, 0x8D, 0x00, 0x20, 0x20,
  0x2E, 0xC5, 0xA9, 0x00, 0x85, 0x07, 0x68, 0xA8, 0x68, 0xAA, 0x68, 0x40, 0x8D, 0x03, 0x02, 0x4E,
  0x00, 0x02, 0x8A, 0x4A, 0x2E, 0x00, 0x02, 0x60, 0xE0, 0x00, 0xD0, 0x10, 0xC9, 0xF0, 0xB0, 0x0C,
  0x8D, 0x04, 0x02, 0xAD, 0x00, 0x02, 0x29, 0xFD, 0x8D, 0x00, 0x02, 0x60, 0x38, 0xE9, 0xF0, 0x8D,
  0x04, 0x02, 0xAD, 0x00, 0x02, 0x09, 0x02, 0x8D, 0x00, 0x02, 0x60, 0xA0, 0x00, 0xE6, 0x03, 0xA6,
  0x02, 0x4C, 0x7E, 0xC1, 0x20, 0x95, 0xC1, 0x18, 0x65, 0x06, 0x8D, 0x07, 0x20, 0xCA, 0xD0, 0xF4,
  0xC6, 0x03, 0xD0, 0xF0, 0x60, 0xB1, 0x00, 0xC8, 0xAA, 0xF0, 0x09, 0xB1, 0x00, 0x8D, 0x07, 0x20,
  0xC8, 0xCA, 0xD0, 0xF7, 0x60, 0xB1, 0x00, 0xE6, 0x00, 0xD0, 0x02, 0xE6, 0x01, 0x60, 0xA0, 0x00,
  0xA2, 0x00, 0x20, 0x95, 0xC1, 0x9D, 0x05, 0x02, 0xE8, 0xE0, 0x19, 0xD0, 0xF5, 0x60, 0x18, 0x75,
  0x00, 0x95, 0x00, 0x98, 0x75, 0x01, 0x95, 0x01, 0x60, 0xF6, 0x00, 0xD0, 0x02, 0xF6, 0x01, 0x60,
  0xD5, 0x00, 0xB0, 0x02, 0xB5, 0x01, 0x60, 0x38, 0xF5, 0x01, 0x95, 0x01, 0x98, 0xF5, 0x00, 0x95,
  0x00, 0x38, 0xA9, 0x00, 0xF5, 0x01, 0x95, 0x01, 0xA9, 0x00, 0xF5, 0x00, 0x95, 0x00, 0x60, 0x16,
  0x00, 0x36, 0x01, 0x88, 0x10, 0xF9, 0x60, 0x56, 0x01, 0x76, 0x00, 0x88, 0x10, 0xF9, 0x60, 0xA2,
  0x03, 0x4A, 0xB0, 0x03, 0xCA, 0x10, 0xFA, 0x60, 0xAD, 0x29, 0x02, 0xF0, 0x1A, 0x0E, 0x29, 0x02,
  0xAD, 0x2A, 0x02, 0x2A, 0x90, 0x1B, 0x49, 0x81, 0x8D, 0x2A, 0x02, 0xAD, 0x29, 0x02, 0x49, 0x17,
  0x8D, 0x29, 0x02, 0x4D, 0x2A, 0x02, 0x60, 0xAD, 0x2A, 0x02, 0xF0, 0xEA, 0x0A, 0xF0, 0x02, 0xB0,
  0xE5, 0x8D, 0x2A, 0x02, 0x4D, 0x29, 0x02, 0x60, 0xA9, 0x00, 0x8D, 0x2B, 0x02, 0x8D, 0x2C, 0x02,
  0xA9, 0xFF, 0xA2, 0x04, 0x9D, 0x2D, 0x02, 0xCA, 0x10, 0xFA, 0x60, 0x0A, 0xAA, 0xBC, 0xFC, 0xE7,
  0x84, 0x00, 0xBC, 0xFD, 0xE7, 0x84, 0x01, 0x08, 0x4A, 0x28, 0xAA, 0x85, 0x04, 0xA9, 0xFF, 0x5D,
  0x2D, 0x02, 0xF0, 0x02, 0x18, 0x60, 0xA0, 0x00, 0x20, 0x95, 0xC1, 0x90, 0x01, 0xC8, 0x84, 0x03,
  0xBE, 0x2B, 0x02, 0x86, 0x02, 0x38, 0x65, 0x02, 0x90, 0x05, 0xF0, 0x01, 0x60, 0xA9, 0xFF, 0x99,
  0x2B, 0x02, 0xA4, 0x04, 0x8A, 0x99, 0x2D, 0x02, 0xA0, 0x04, 0xA2, 0x02, 0x20, 0xE3, 0xC1, 0xAE,
  0x02, 0x20, 0xA6, 0x03, 0x8E, 0x06, 0x20, 0xA6, 0x02, 0x8E, 0x06, 0x20, 0x20, 0xB7, 0xC3, 0x18,
  0x90, 0xDA, 0xA5, 0x06, 0x48, 0xBD, 0x2D, 0x02, 0x85, 0x06, 0x20, 0xB7, 0xC3, 0x68, 0x85, 0x06,
  0x60, 0xA0, 0x06, 0xBE, 0x32, 0x02, 0xBD, 0x42, 0x02, 0xBE, 0x33, 0x02, 0x38, 0xDD, 0x42, 0x02,
  0xB0, 0x0A, 0xB9, 0x32, 0x02, 0x99, 0x33, 0x02, 0x8A, 0x99, 0x32, 0x02, 0x88, 0x10, 0xE4, 0x60,
  0xA0, 0x00, 0x98, 0x48, 0xBE, 0x32, 0x02, 0x20, 0xD2, 0xC2, 0x68, 0xA8, 0xC8, 0xC0, 0x07, 0xD0,
  0xF1, 0x60, 0xBD, 0x3A, 0x02, 0x85, 0x00, 0xBD, 0x42, 0x02, 0x85, 0x01, 0xD0, 0x01, 0x60, 0xBC,
  0x52, 0x02, 0xB9, 0x2D, 0x02, 0x4A, 0x85, 0x03, 0x98, 0x0A, 0xA8, 0xB9, 0x06, 0xE8, 0x85, 0x04,
  0xB9, 0x07, 0xE8, 0x85, 0x05, 0xBD, 0x5A, 0x02, 0x0A, 0xA8, 0xB1, 0x04, 0xC8, 0x48, 0xB1, 0x04,
  0x85, 0x05, 0x68, 0x85, 0x04, 0xBD, 0x4A, 0x02, 0xBC, 0x62, 0x02, 0x20, 0x62, 0xC3, 0x9D, 0x4A,
  0x02, 0x98, 0x9D, 0x62, 0x02, 0xB1, 0x04, 0xA8, 0xA2, 0x01, 0xB5, 0x00, 0x38, 0xE9, 0x20, 0x95,
  0x00, 0xCA, 0x10, 0xF6, 0xAE, 0x6C, 0x02, 0xB1, 0x04, 0xC8, 0x48, 0x29, 0xC0, 0x85, 0x02, 0x68,
  0x29, 0x3F, 0x18, 0x65, 0x01, 0x9D, 0x00, 0x07, 0xB1, 0x04, 0xC8, 0x48, 0x29, 0x03, 0x05, 0x02,
  0x9D, 0x02, 0x07, 0x68, 0x4A, 0x4A, 0x18, 0x65, 0x00, 0x9D, 0x03, 0x07, 0xB1, 0x04, 0xC8, 0x18,
  0x65, 0x03, 0x0A, 0x09, 0x01, 0x9D, 0x01, 0x07, 0xE8, 0xE8, 0xE8, 0xE8, 0x90, 0xC9, 0x8E, 0x6C,
  0x02, 0x60, 0xC9, 0xFB, 0x90, 0x01, 0x60, 0x38, 0xE9, 0x04, 0x90, 0x01, 0x60, 0xC8, 0xB1, 0x04,
  0x10, 0x02, 0xA0, 0xFF, 0xC8, 0xC8, 0xB1, 0x04, 0x88, 0x0A, 0x60, 0xAD, 0x6B, 0x02, 0x85, 0x00,
  0xAE, 0x6C, 0x02, 0x8E, 0x6B, 0x02, 0xA9, 0x00, 0x8D, 0x6C, 0x02, 0xA9, 0xFE, 0xE4, 0x00, 0xB0,
  0x09, 0x9D, 0x00, 0x07, 0xE8, 0xE8, 0xE8, 0xE8, 0xD0, 0xF3, 0x60, 0xDD, 0x5A, 0x02, 0xF0, 0x0D,
  0x29, 0x7F, 0x9D, 0x5A, 0x02, 0xA9, 0x00, 0x9D, 0x62, 0x02, 0x9D, 0x4A, 0x02, 0x60, 0xBD, 0x4A,
  0x02, 0x09, 0xFC, 0x9D, 0x4A, 0x02, 0x60, 0xA2, 0x00, 0xA0, 0x00, 0xB1, 0x00, 0x4A, 0x90, 0x0D,
  0x85, 0x03, 0x20, 0x95, 0xC1, 0x20, 0x95, 0xC1, 0x85, 0x02, 0x4C, 0x6B, 0xC1, 0xA9, 0x80, 0x85,
  0x03, 0x20, 0x95, 0xC1, 0x85, 0x04, 0x46, 0x04, 0xB0, 0x0E, 0x20, 0x95, 0xC1, 0x65, 0x06, 0x20,
  0x04, 0xC4, 0x46, 0x03, 0x90, 0xF0, 0xB0, 0xE5, 0x20, 0x95, 0xC1, 0x85, 0x02, 0x20, 0x95, 0xC1,
  0xA8, 0xC4, 0x02, 0xF0, 0x16, 0xB9, 0x00, 0x06, 0xC8, 0x20, 0x04, 0xC4, 0xC4, 0x02, 0xD0, 0xF5,
  0xA0, 0x00, 0xF0, 0xDE, 0x8D, 0x07, 0x20, 0x9D, 0x00, 0x06, 0xE8, 0x60, 0x8E, 0x65, 0x05, 0x8C,
  0x66, 0x05, 0x86, 0x08, 0x84, 0x09, 0xAA, 0xF0, 0x02, 0xA9, 0x40, 0x8D, 0x64, 0x05, 0x20, 0x64,
  0xC4, 0xA0, 0x01, 0xB1, 0x08, 0x8D, 0x67, 0x05, 0xC8, 0xB1, 0x08, 0x8D, 0x68, 0x05, 0xC8, 0xB1,
  0x08, 0x8D, 0x6D, 0x05, 0xC8, 0xB1, 0x08, 0x8D, 0x6E, 0x05, 0xA9, 0xFF, 0x8D, 0x61, 0x05, 0x8D,
  0x63, 0x05, 0xA9, 0x0F, 0x8D, 0x15, 0x40, 0xA9, 0x80, 0x8D, 0x08, 0x40, 0xA9, 0x00, 0x8D, 0x0F,
  0x40, 0xA9, 0x30, 0x8D, 0x00, 0x40, 0x8D, 0x04, 0x40, 0x8D, 0x0C, 0x40, 0xA9, 0x08, 0x8D, 0x01,
  0x40, 0x8D, 0x05, 0x40, 0xA9, 0x00, 0x8D, 0x4A, 0x05, 0x8D, 0x6F, 0x05, 0xA2, 0x37, 0xA9, 0x00,
  0x9D, 0x14, 0x05, 0x9D, 0x0F, 0x05, 0x9D, 0x0A, 0x05, 0x9D, 0x23, 0x05, 0xA9, 0x30, 0x9D, 0x28,
  0x05, 0xE8, 0xE0, 0x3C, 0xD0, 0xE8, 0xA2, 0x00, 0xA9, 0x69, 0x9D, 0x16, 0x05, 0xA9, 0xC9, 0x9D,
  0x21, 0x05, 0xA9, 0x00, 0x9D, 0x0B, 0x05, 0x9D, 0x00, 0x05, 0xE8, 0xE0, 0x0B, 0xD0, 0xE9, 0x60,
  0xAE, 0x65, 0x05, 0x86, 0x08, 0xAE, 0x66, 0x05, 0x86, 0x09, 0xA0, 0x00, 0xD1, 0x08, 0xB0, 0x5C,
  0x0A, 0x85, 0x08, 0x0A, 0xAA, 0x0A, 0x65, 0x08, 0x86, 0x08, 0x65, 0x08, 0x69, 0x05, 0xA8, 0xAD,
  0x65, 0x05, 0x85, 0x08, 0x20, 0x64, 0xC4, 0xA2, 0x37, 0xB1, 0x08, 0x9D, 0x00, 0x05, 0xC8, 0xB1,
  0x08, 0x9D, 0x05, 0x05, 0xC8, 0xA9, 0x00, 0x9D, 0x14, 0x05, 0x9D, 0x0F, 0x05, 0x9D, 0x0A, 0x05,
  0x9D, 0x23, 0x05, 0xA9, 0x30, 0x9D, 0x28, 0x05, 0xE8, 0xE0, 0x3C, 0xD0, 0xDC, 0xAD, 0x64, 0x05,
  0xF0, 0x02, 0xC8, 0xC8, 0xB1, 0x08, 0x8D, 0x69, 0x05, 0xC8, 0xB1, 0x08, 0x8D, 0x6A, 0x05, 0xA9,
  0x00, 0x8D, 0x6B, 0x05, 0xA9, 0x06, 0x8D, 0x6C, 0x05, 0x8D, 0x4A, 0x05, 0x60, 0xAA, 0xF0, 0x15,
  0xA9, 0x00, 0x8D, 0x00, 0x05, 0x8D, 0x03, 0x05, 0x8D, 0x06, 0x05, 0x8D, 0x09, 0x05, 0xAD, 0x4A,
  0x05, 0x09, 0x80, 0xD0, 0x05, 0xAD, 0x4A, 0x05, 0x29, 0x7F, 0x8D, 0x4A, 0x05, 0x60, 0xA5, 0x08,
  0x48, 0xA5, 0x09, 0x48, 0xAD, 0x4A, 0x05, 0x30, 0x02, 0xD0, 0x03, 0x4C, 0xF5, 0xC5, 0x18, 0xAD,
  0x6B, 0x05, 0x6D, 0x69, 0x05, 0x8D, 0x6B, 0x05, 0xAD, 0x6C, 0x05, 0x6D, 0x6A, 0x05, 0xCD, 0x4A,
  0x05, 0xB0, 0x06, 0x8D, 0x6C, 0x05, 0x4C, 0xB9, 0xC5, 0x38, 0xED, 0x4A, 0x05, 0x8D, 0x6C, 0x05,
  0xA2, 0x37, 0x20, 0x5D, 0xC7, 0x90, 0x0B, 0xA2, 0x00, 0xAD, 0x46, 0x05, 0x20, 0x0A, 0xC7, 0x8D,
  0x5F, 0x05, 0xA2, 0x38, 0x20, 0x5D, 0xC7, 0x90, 0x0B, 0xA2, 0x03, 0xAD, 0x47, 0x05, 0x20, 0x0A,
  0xC7, 0x8D, 0x60, 0x05, 0xA2, 0x39, 0x20, 0x5D, 0xC7, 0x90, 0x08, 0xA2, 0x06, 0xAD, 0x48, 0x05,
  0x20, 0x0A, 0xC7, 0xA2, 0x3A, 0x20, 0x5D, 0xC7, 0x90, 0x0B, 0xA2, 0x09, 0xAD, 0x49, 0x05, 0x20,
  0x0A, 0xC7, 0x8D, 0x62, 0x05, 0xA2, 0x3B, 0x20, 0x5D, 0xC7, 0x90, 0x0D, 0xAD, 0x45, 0x05, 0xD0,
  0x05, 0x20, 0x0B, 0xC8, 0xD0, 0x03, 0x20, 0x11, 0xC8, 0xA2, 0x00, 0xBD, 0x0B, 0x05, 0xF0, 0x05,
  0xDE, 0x0B, 0x05, 0xD0, 0x2B, 0xBD, 0x16, 0x05, 0x85, 0x08, 0xBD, 0x21, 0x05, 0x85, 0x09, 0xBC,
  0x2C, 0x05, 0xB1, 0x08, 0x10, 0x09, 0x18, 0x69, 0x40, 0x9D, 0x00, 0x05, 0xC8, 0xD0, 0x0D, 0xD0,
  0x07, 0xC8, 0xB1, 0x08, 0xA8, 0x4C, 0xD2, 0xC5, 0xC8, 0x9D, 0x0B, 0x05, 0x98, 0x9D, 0x2C, 0x05,
  0xE8, 0xE0, 0x0B, 0xD0, 0xC6, 0xAD, 0x41, 0x05, 0xF0, 0x22, 0x18, 0x6D, 0x01, 0x05, 0x0D, 0x64,
  0x05, 0xAA, 0xAD, 0x02, 0x05, 0xA8, 0x7D, 0x6C, 0xC9, 0x8D, 0x71, 0x05, 0x98, 0x09, 0x7F, 0x30,
  0x02, 0xA9, 0x00, 0x7D, 0xEC, 0xC9, 0x8D, 0x72, 0x05, 0xAD, 0x00, 0x05, 0x0D, 0x5F, 0x05, 0x8D,
  0x70, 0x05, 0xAD, 0x42, 0x05, 0xF0, 0x22, 0x18, 0x6D, 0x04, 0x05, 0x0D, 0x64, 0x05, 0xAA, 0xAD,
  0x05, 0x05, 0xA8, 0x7D, 0x6C, 0xC9, 0x8D, 0x74, 0x05, 0x98, 0x09, 0x7F, 0x30, 0x02, 0xA9, 0x00,
  0x7D, 0xEC, 0xC9, 0x8D, 0x75, 0x05, 0xAD, 0x03, 0x05, 0x0D, 0x60, 0x05, 0x8D, 0x73, 0x05, 0xAD,
  0x43, 0x05, 0xF0, 0x22, 0x18, 0x6D, 0x07, 0x05, 0x0D, 0x64, 0x05, 0xAA, 0xAD, 0x08, 0x05, 0xA8,
  0x7D, 0x6C, 0xC9, 0x8D, 0x77, 0x05, 0x98, 0x09, 0x7F, 0x30, 0x02, 0xA9, 0x00, 0x7D, 0xEC, 0xC9,
  0x8D, 0x78, 0x05, 0xAD, 0x06, 0x05, 0x09, 0x80, 0x8D, 0x76, 0x05, 0xAD, 0x44, 0x05, 0xF0, 0x18,
  0x18, 0x6D, 0x0A, 0x05, 0x29, 0x0F, 0x49, 0x0F, 0x85, 0x0A, 0xAD, 0x62, 0x05, 0x0A, 0x29, 0x80,
  0x05, 0x0A, 0x8D, 0x7A, 0x05, 0xAD, 0x09, 0x05, 0x09, 0xF0, 0x8D, 0x79, 0x05, 0xA2, 0x00, 0x20,
  0xB4, 0xC8, 0xA2, 0x0F, 0x20, 0xB4, 0xC8, 0xA2, 0x1E, 0x20, 0xB4, 0xC8, 0xA2, 0x2D, 0x20, 0xB4,
  0xC8, 0xAD, 0x70, 0x05, 0x8D, 0x00, 0x40, 0xAD, 0x71, 0x05, 0x8D, 0x02, 0x40, 0xAD, 0x72, 0x05,
  0xCD, 0x61, 0x05, 0xF0, 0x06, 0x8D, 0x61, 0x05, 0x8D, 0x03, 0x40, 0xAD, 0x73, 0x05, 0x8D, 0x04,
  0x40, 0xAD, 0x74, 0x05, 0x8D, 0x06, 0x40, 0xAD, 0x75, 0x05, 0xCD, 0x63, 0x05, 0xF0, 0x06, 0x8D,
  0x63, 0x05, 0x8D, 0x07, 0x40, 0xAD, 0x76, 0x05, 0x8D, 0x08, 0x40, 0xAD, 0x77, 0x05, 0x8D, 0x0A,
  0x40, 0xAD, 0x78, 0x05, 0x8D, 0x0B, 0x40, 0xAD, 0x79, 0x05, 0x8D, 0x0C, 0x40, 0xAD, 0x7A, 0x05,
  0x8D, 0x0E, 0x40, 0x68, 0x85, 0x09, 0x68, 0x85, 0x08, 0x60, 0x0A, 0xA8, 0xAD, 0x68, 0x05, 0x69,
  0x00, 0x85, 0x09, 0xAD, 0x67, 0x05, 0x85, 0x08, 0xB1, 0x08, 0x85, 0x0A, 0xC8, 0xB1, 0x08, 0x9D,
  0x16, 0x05, 0xC8, 0xB1, 0x08, 0xC8, 0x9D, 0x21, 0x05, 0xE8, 0xB1, 0x08, 0x9D, 0x16, 0x05, 0xC8,
  0xB1, 0x08, 0x9D, 0x21, 0x05, 0xA9, 0x00, 0x9D, 0x0A, 0x05, 0x9D, 0x2B, 0x05, 0x9D, 0x0B, 0x05,
  0x9D, 0x2C, 0x05, 0xE0, 0x09, 0xB0, 0x13, 0xE8, 0xC8, 0x9D, 0x0B, 0x05, 0x9D, 0x2C, 0x05, 0xB1,
  0x08, 0x9D, 0x16, 0x05, 0xC8, 0xB1, 0x08, 0x9D, 0x21, 0x05, 0xA5, 0x0A, 0x60, 0xBD, 0x14, 0x05,
  0xF0, 0x05, 0xDE, 0x14, 0x05, 0x18, 0x60, 0xBD, 0x00, 0x05, 0x85, 0x08, 0xBD, 0x05, 0x05, 0x85,
  0x09, 0xA0, 0x00, 0xB1, 0x08, 0xE6, 0x08, 0xD0, 0x02, 0xE6, 0x09, 0x09, 0x00, 0x30, 0x0C, 0x4A,
  0x90, 0x03, 0xFE, 0x14, 0x05, 0x9D, 0x0A, 0x05, 0x38, 0xB0, 0x5E, 0x29, 0x7F, 0x4A, 0xB0, 0x07,
  0x0A, 0x0A, 0x9D, 0x0F, 0x05, 0x90, 0xDC, 0xC9, 0x3D, 0x90, 0x4B, 0xF0, 0x2B, 0xC9, 0x3E, 0xF0,
  0x34, 0x18, 0xA5, 0x08, 0x69, 0x03, 0x9D, 0x19, 0x05, 0xA5, 0x09, 0x69, 0x00, 0x9D, 0x1E, 0x05,
  0xB1, 0x08, 0x9D, 0x23, 0x05, 0xC8, 0xB1, 0x08, 0x85, 0x0A, 0xC8, 0xB1, 0x08, 0x85, 0x09, 0xA5,
  0x0A, 0x85, 0x08, 0xA0, 0x00, 0x4C, 0x73, 0xC7, 0xB1, 0x08, 0x8D, 0x4A, 0x05, 0xE6, 0x08, 0xD0,
  0xA2, 0xE6, 0x09, 0xD0, 0x9E, 0xB1, 0x08, 0x85, 0x0A, 0xC8, 0xB1, 0x08, 0x85, 0x09, 0xA5, 0x0A,
  0x85, 0x08, 0x88, 0x4C, 0x73, 0xC7, 0x9D, 0x14, 0x05, 0xBD, 0x23, 0x05, 0xF0, 0x12, 0xDE, 0x23,
  0x05, 0xD0, 0x0D, 0xBD, 0x19, 0x05, 0x9D, 0x00, 0x05, 0xBD, 0x1E, 0x05, 0x9D, 0x05, 0x05, 0x60,
  0xA5, 0x08, 0x9D, 0x00, 0x05, 0xA5, 0x09, 0x9D, 0x05, 0x05, 0x60, 0xA9, 0x0F, 0x8D, 0x15, 0x40,
  0x60, 0xAE, 0x6F, 0x05, 0xF0, 0x15, 0xAA, 0xAD, 0x15, 0x40, 0x29, 0x10, 0xF0, 0x01, 0x60, 0x8D,
  0x6F, 0x05, 0x8A, 0x4C, 0x2B, 0xC8, 0xA2, 0x01, 0x8E, 0x6F, 0x05, 0x0A, 0x0A, 0x6D, 0x6D, 0x05,
  0x85, 0x08, 0xA9, 0x00, 0x6D, 0x6E, 0x05, 0x85, 0x09, 0xA9, 0x0F, 0x8D, 0x15, 0x40, 0xA0, 0x00,
  0xB1, 0x08, 0x8D, 0x12, 0x40, 0xC8, 0xB1, 0x08, 0x8D, 0x13, 0x40, 0xC8, 0xB1, 0x08, 0x8D, 0x10,
  0x40, 0xA9, 0x20, 0x8D, 0x11, 0x40, 0xA9, 0x1F, 0x8D, 0x15, 0x40, 0x60, 0xAD, 0x64, 0x05, 0xD0,
  0x08, 0xE8, 0xD0, 0x01, 0xC8, 0xE8, 0xD0, 0x01, 0xC8, 0x8E, 0x7B, 0x05, 0x8C, 0x7C, 0x05, 0xA2,
  0x00, 0x20, 0x7E, 0xC8, 0x8A, 0x18, 0x69, 0x0F, 0xAA, 0xE0, 0x3C, 0xD0, 0xF4, 0x60, 0xA9, 0x00,
  0x9D, 0x7F, 0x05, 0x9D, 0x7D, 0x05, 0x9D, 0x80, 0x05, 0x9D, 0x87, 0x05, 0xA9, 0x30, 0x9D, 0x81,
  0x05, 0x9D, 0x84, 0x05, 0x9D, 0x8A, 0x05, 0x60, 0x0A, 0x0A, 0xA8, 0x20, 0x7E, 0xC8, 0xAD, 0x7B,
  0x05, 0x85, 0x08, 0xAD, 0x7C, 0x05, 0x85, 0x09, 0xB1, 0x08, 0x9D, 0x7E, 0x05, 0xC8, 0xB1, 0x08,
  0x9D, 0x7F, 0x05, 0x60, 0xBD, 0x7D, 0x05, 0xF0, 0x05, 0xDE, 0x7D, 0x05, 0xD0, 0x36, 0xBD, 0x7F,
  0x05, 0xD0, 0x01, 0x60, 0x85, 0x09, 0xBD, 0x7E, 0x05, 0x85, 0x08, 0xBC, 0x80, 0x05, 0x18, 0xB1,
  0x08, 0x30, 0x0D, 0xF0, 0x1C, 0xC8, 0x9D, 0x7D, 0x05, 0x98, 0x9D, 0x80, 0x05, 0x4C, 0xF4, 0xC8,
  0xC8, 0x86, 0x0A, 0x65, 0x0A, 0xAA, 0xB1, 0x08, 0xC8, 0x9D, 0x01, 0x05, 0xA6, 0x0A, 0x4C, 0xCF,
  0xC8, 0x9D, 0x7F, 0x05, 0xAD, 0x70, 0x05, 0x29, 0x0F, 0x85, 0x0A, 0xBD, 0x81, 0x05, 0x29, 0x0F,
  0xC5, 0x0A, 0x90, 0x12, 0xBD, 0x81, 0x05, 0x8D, 0x70, 0x05, 0xBD, 0x82, 0x05, 0x8D, 0x71, 0x05,
  0xBD, 0x83, 0x05, 0x8D, 0x72, 0x05, 0xAD, 0x73, 0x05, 0x29, 0x0F, 0x85, 0x0A, 0xBD, 0x84, 0x05,
  0x29, 0x0F, 0xC5, 0x0A, 0x90, 0x12, 0xBD, 0x84, 0x05, 0x8D, 0x73, 0x05, 0xBD, 0x85, 0x05, 0x8D,
  0x74, 0x05, 0xBD, 0x86, 0x05, 0x8D, 0x75, 0x05, 0xBD, 0x87, 0x05, 0xF0, 0x0F, 0x8D, 0x76, 0x05,
  0xBD, 0x88, 0x05, 0x8D, 0x77, 0x05, 0xBD, 0x89, 0x05, 0x8D, 0x78, 0x05, 0xAD, 0x79, 0x05, 0x29,
  0x0F, 0x85, 0x0A, 0xBD, 0x8A, 0x05, 0x29, 0x0F, 0xC5, 0x0A, 0x90, 0x0C, 0xBD, 0x8A, 0x05, 0x8D,
  0x79, 0x05, 0xBD, 0x8B, 0x05, 0x8D, 0x7A, 0x05, 0x60, 0xC0, 0x00, 0x00, 0x00, 0x33, 0xDA, 0x86,
  0x36, 0xEB, 0xA5, 0x62, 0x23, 0xE7, 0xAF, 0x7A, 0x48, 0x19, 0xEC, 0xC2, 0x9A, 0x75, 0x52, 0x30,
  0x11, 0xF3, 0xD7, 0xBC, 0xA3, 0x8C, 0x75, 0x60, 0x4C, 0x3A, 0x28, 0x17, 0x08, 0xF9, 0xEB, 0xDD,
  0xD1, 0xC5, 0xBA, 0xAF, 0xA5, 0x9C, 0x93, 0x8B, 0x83, 0x7C, 0x75, 0x6E, 0x68, 0x62, 0x5C, 0x57,
  0x52, 0x4D, 0x49, 0x45, 0x41, 0x3D, 0x3A, 0x36, 0x33, 0x30, 0x2D, 0x2B, 0x00, 0xAD, 0x4D, 0xF2,
  0x9D, 0x4C, 0x00, 0xB8, 0x74, 0x34, 0xF7, 0xBE, 0x88, 0x56, 0x26, 0xF8, 0xCE, 0xA5, 0x7F, 0x5B,
  0x39, 0x19, 0xFB, 0xDE, 0xC3, 0xAA, 0x92, 0x7B, 0x66, 0x52, 0x3F, 0x2D, 0x1C, 0x0C, 0xFD, 0xEE,
  0xE1, 0xD4, 0xC8, 0xBD, 0xB2, 0xA8, 0x9F, 0x96, 0x8D, 0x85, 0x7E, 0x76, 0x70, 0x69, 0x63, 0x5E,
  0x58, 0x53, 0x4F, 0x4A, 0x46, 0x42, 0x3E, 0x3A, 0x37, 0x34, 0x31, 0x2E, 0x00, 0x06, 0x05, 0x05,
  0x05, 0x04, 0x04, 0x04, 0x04, 0x03, 0x03, 0x03, 0x03, 0x03, 0x02, 0x02, 0x02, 0x02, 0x02, 0x02,
  0x02, 0x01, 0x01, 0x01, 0x01, 0x01, 0x01, 0x01, 0x01, 0x01, 0x01, 0x01, 0x01, 0x00, 0x00, 0x00,
  0x00, 0x00, 0x00, 0x00, 0x00, 0x00, 0x00, 0x00, 0x00, 0x00, 0x00, 0x00, 0x00, 0x00, 0x00, 0x00,
  0x00, 0x00, 0x00, 0x00, 0x00, 0x00, 0x00, 0x00, 0x00, 0x00, 0x00, 0x00, 0x00, 0x06, 0x06, 0x05,
  0x05, 0x05, 0x05, 0x04, 0x04, 0x04, 0x03, 0x03, 0x03, 0x03, 0x03, 0x02, 0x02, 0x02, 0x02, 0x02,
  0x02, 0x02, 0x01, 0x01, 0x01, 0x01, 0x01, 0x01, 0x01, 0x01, 0x01, 0x01, 0x01, 0x01, 0x00, 0x00,
  0x00, 0x00, 0x00, 0x00, 0x00, 0x00, 0x00, 0x00, 0x00, 0x00, 0x00, 0x00, 0x00, 0x00, 0x00, 0x00,
  0x00, 0x00, 0x00, 0x00, 0x00, 0x00, 0x00, 0x00, 0x00, 0x00, 0x00, 0x00, 0x88, 0x84, 0x0B, 0xF0,
  0x19, 0xA0, 0x00, 0x18, 0xB1, 0x00, 0x75, 0x00, 0xC9, 0x0A, 0x90, 0x02, 0xE9, 0x0A, 0x95, 0x00,
  0xE8, 0xC8, 0xC6, 0x0B, 0x10, 0xEE, 0xA9, 0x00, 0xB0, 0xEC, 0x60, 0x86, 0x02, 0x98, 0x18, 0x65,
  0x02, 0xAA, 0xCA, 0x88, 0x10, 0x03, 0xC8, 0x38, 0x60, 0xB1, 0x00, 0xD5, 0x00, 0xF0, 0xF3, 0x60,
  0xA9, 0xA8, 0x8D, 0x00, 0x02, 0xA9, 0x1E, 0x8D, 0x01, 0x02, 0xA2, 0x0F, 0x8A, 0x9D, 0x8F, 0x02,
  0xCA, 0x10, 0xF9, 0xA9, 0xF0, 0x85, 0x01, 0xA9, 0xC8, 0x85, 0x00, 0x20, 0x9E, 0xC1, 0xA9, 0x01,
  0x20, 0x3B, 0xC2, 0xA9, 0x02, 0x20, 0x3B, 0xC2, 0xA9, 0x04, 0x20, 0x3B, 0xC2, 0xA9, 0x03, 0x20,
  0x3B, 0xC2, 0xA9, 0x80, 0x20, 0x3B, 0xC2, 0xA9, 0xF0, 0x85, 0x01, 0xA9, 0xE1, 0x85, 0x00, 0xAD,
  0x02, 0x20, 0xA9, 0x28, 0x8D, 0x06, 0x20, 0xA9, 0x00, 0x8D, 0x06, 0x20, 0xA2, 0x02, 0x20, 0x92,
  0xC2, 0xAD, 0x02, 0x20, 0xA9, 0x2B, 0x8D, 0x06, 0x20, 0xA9, 0xC0, 0x8D, 0x06, 0x20, 0x20, 0xB7,
  0xC3, 0xA2, 0x04, 0xAD, 0x02, 0x20, 0xA9, 0x20, 0x8D, 0x06, 0x20, 0xA9, 0x00, 0x8D, 0x06, 0x20,
  0x20, 0x92, 0xC2, 0xAD, 0x02, 0x20, 0xA9, 0x23, 0x8D, 0x06, 0x20, 0xA9, 0xC0, 0x8D, 0x06, 0x20,
  0x20, 0xB7, 0xC3, 0xA9, 0x00, 0xA2, 0x00, 0x20, 0x48, 0xC1, 0xA2, 0x05, 0xA9, 0x00, 0x9D, 0x52,
  0x02, 0xCA, 0x10, 0xFA, 0xA9, 0x60, 0x8D, 0x3A, 0x02, 0xA9, 0x88, 0x8D, 0x42, 0x02, 0xA9, 0x00,
  0x8D, 0x5A, 0x02, 0xA9, 0x00, 0x8D, 0x4A, 0x02, 0xA9, 0x7F, 0x8D, 0x3F, 0x02, 0xA9, 0x00, 0x8D,
  0x47, 0x02, 0xA9, 0x04, 0x8D, 0x5F, 0x02, 0xA9, 0x00, 0x8D, 0x4F, 0x02, 0xA9, 0xD3, 0x85, 0x01,
  0xA9, 0xD9, 0x85, 0x00, 0xA0, 0x00, 0xAD, 0x02, 0x20, 0xA9, 0x28, 0x8D, 0x06, 0x20, 0xA9, 0x84,
  0x8D, 0x06, 0x20, 0x20, 0x85, 0xC1, 0xAD, 0x02, 0x20, 0xA9, 0x28, 0x8D, 0x06, 0x20, 0xA9, 0x91,
  0x8D, 0x06, 0x20, 0x20, 0x85, 0xC1, 0xA9, 0xD3, 0x85, 0x01, 0xA9, 0xE4, 0x85, 0x00, 0xA0, 0x00,
  0xAD, 0x02, 0x20, 0xA9, 0x22, 0x8D, 0x06, 0x20, 0xA9, 0x2C, 0x8D, 0x06, 0x20, 0x20, 0x85, 0xC1,
  0xA9, 0xD3, 0x85, 0x01, 0xA9, 0xF6, 0x85, 0x00, 0xA0, 0x00, 0xAD, 0x02, 0x20, 0xA9, 0x22, 0x8D,
  0x06, 0x20, 0xA9, 0xE0, 0x8D, 0x06, 0x20, 0x20, 0x85, 0xC1, 0xA2, 0xAC, 0xA0, 0xD6, 0xAD, 0x1F,
  0x02, 0x29, 0x80, 0x20, 0x0C, 0xC4, 0xA2, 0xD9, 0xA0, 0xE3, 0x20, 0x5C, 0xC8, 0x60, 0xAD, 0x21,
  0x02, 0x8D, 0x23, 0x02, 0xA0, 0x01, 0xA2, 0x00, 0x8C, 0x16, 0x40, 0x8E, 0x16, 0x40, 0x84, 0x00,
  0xAD, 0x16, 0x40, 0x29, 0x03, 0xC9, 0x01, 0x26, 0x00, 0x90, 0xF5, 0x8C, 0x16, 0x40, 0x8E, 0x16,
  0x40, 0x84, 0x01, 0xAD, 0x16, 0x40, 0x29, 0x03, 0xC9, 0x01, 0x26, 0x01, 0x90, 0xF5, 0x8C, 0x16,
  0x40, 0x8E, 0x16, 0x40, 0x84, 0x02, 0xAD, 0x16, 0x40, 0x29, 0x03, 0xC9, 0x01, 0x26, 0x02, 0x90,
  0xF5, 0xA5, 0x00, 0xC5, 0x02, 0xF0, 0x02, 0xA5, 0x01, 0x8D, 0x21, 0x02, 0x4D, 0x23, 0x02, 0x48,
  0x2D, 0x21, 0x02, 0x8D, 0x25, 0x02, 0x68, 0x2D, 0x23, 0x02, 0x8D, 0x27, 0x02, 0xA2, 0x10, 0xCA,
  0x20, 0xF8, 0xC1, 0x29, 0x0F, 0xA8, 0xBD, 0x8F, 0x02, 0x48, 0xB9, 0x8F, 0x02, 0x9D, 0x8F, 0x02,
  0x68, 0x99, 0x8F, 0x02, 0x8A, 0xD0, 0xE8, 0xAD, 0x47, 0x02, 0xC9, 0xF0, 0xB0, 0x18, 0x48, 0x38,
  0xE9, 0x78, 0x10, 0x05, 0x49, 0xFF, 0x18, 0x69, 0x01, 0x4A, 0x4A, 0x4A, 0x4A, 0xAA, 0x68, 0x38,
  0xFD, 0x9A, 0xD3, 0x8D, 0x47, 0x02, 0xA9, 0x00, 0xCD, 0x82, 0x02, 0xF0, 0x19, 0xAD, 0x8B, 0x02,
  0xCE, 0x8B, 0x02, 0xD0, 0x11, 0xA9, 0x00, 0x8D, 0x42, 0x02, 0x8D, 0x43, 0x02, 0x8D, 0x44, 0x02,
  0x8D, 0x45, 0x02, 0x8D, 0x46, 0x02, 0xAD, 0x8C, 0x02, 0xF0, 0x05, 0xCE, 0x8C, 0x02, 0xD0, 0x09,
  0xA9, 0x00, 0xA2, 0x06, 0x95, 0x79, 0xCA, 0x10, 0xFB, 0x20, 0xAB, 0xCC, 0x20, 0x25, 0xD0, 0x20,
  0x8A, 0xD0, 0x20, 0xA1, 0xC2, 0x20, 0xC0, 0xC2, 0x4C, 0x7B, 0xC3, 0xAC, 0x82, 0x02, 0xB9, 0xCD,
  0xCC, 0x48, 0xB9, 0xCC, 0xCC, 0x48, 0x60, 0x48, 0xAD, 0x82, 0x02, 0x8D, 0x83, 0x02, 0x68, 0x8D,
  0x82, 0x02, 0xA8, 0xB9, 0xD5, 0xCC, 0x48, 0xB9, 0xD4, 0xCC, 0x48, 0x60, 0x0A, 0xCD, 0x62, 0xCD,
  0x81, 0xCD, 0x4A, 0xCE, 0xDB, 0xCC, 0xCC, 0xCB, 0xCC, 0xCB, 0x8E, 0xCD, 0xA9, 0x01, 0x20, 0x0D,
  0xC5, 0xA9, 0x02, 0xA2, 0x0F, 0x20, 0x98, 0xC8, 0xA9, 0x60, 0x8D, 0x3A, 0x02, 0xA9, 0x98, 0x8D,
  0x42, 0x02, 0xA2, 0x00, 0xA9, 0x80, 0x20, 0x9B, 0xC3, 0xA9, 0x00, 0x8D, 0x43, 0x02, 0x8D, 0x44,
  0x02, 0x8D, 0x45, 0x02, 0x8D, 0x46, 0x02, 0x8D, 0x47, 0x02, 0x60, 0xA9, 0x00, 0xA2, 0x00, 0x20,
  0x48, 0xC1, 0xAD, 0x25, 0x02, 0xC9, 0x10, 0xD0, 0x2C, 0xA9, 0x10, 0x2C, 0x42, 0x02, 0xD0, 0x14,
  0xA9, 0x05, 0xA2, 0x0F, 0x20, 0x98, 0xC8, 0xA9, 0x00, 0x20, 0xA0, 0xC4, 0x20, 0x7B, 0xCE, 0xA9,
  0x06, 0x4C, 0xB7, 0xCC, 0xA9, 0x03, 0xA2, 0x0F, 0x20, 0x98, 0xC8, 0xA9, 0x00, 0x20, 0x0D, 0xC5,
  0xA9, 0x06, 0x4C, 0xB7, 0xCC, 0xAD, 0x83, 0x02, 0xC9, 0x00, 0xF0, 0x16, 0xAD, 0x25, 0x02, 0xC9,
  0x20, 0xD0, 0x0F, 0xA9, 0x04, 0xA2, 0x0F, 0x20, 0x98, 0xC8, 0xAD, 0x42, 0x02, 0x49, 0x10, 0x8D,
  0x42, 0x02, 0x60, 0xAD, 0x80, 0x02, 0x48, 0xA9, 0x00, 0x8D, 0x7E, 0x02, 0x20, 0xA4, 0xCF, 0x68,
  0xCD, 0x80, 0x02, 0xF0, 0x01, 0x60, 0xA9, 0x04, 0xCD, 0x83, 0x02, 0xD0, 0x02, 0xA9, 0x06, 0x4C,
  0xB7, 0xCC, 0xA9, 0x01, 0x8D, 0x7E, 0x02, 0x20, 0xA4, 0xCF, 0xA9, 0x02, 0x4C, 0xB7, 0xCC, 0xA9,
  0x00, 0xCD, 0x83, 0x02, 0xD0, 0x05, 0xA9, 0x00, 0x8D, 0x42, 0x02, 0xAD, 0x81, 0x02, 0xD0, 0x2E,
  0xAD, 0x80, 0x02, 0xF0, 0x28, 0xA9, 0x00, 0xA2, 0x0F, 0x20, 0x98, 0xC8, 0x20, 0xC7, 0xCF, 0xA9,
  0x00, 0x8D, 0x80, 0x02, 0x8D, 0x81, 0x02, 0x20, 0xEB, 0xCF, 0xF0, 0x11, 0xA2, 0x06, 0x20, 0x83,
  0xCF, 0xA9, 0x01, 0x20, 0xA0, 0xC4, 0xA9, 0x06, 0xA2, 0x0F, 0x20, 0x98, 0xC8, 0x60, 0xAD, 0x47,
  0x02, 0xC9, 0x6F, 0x10, 0x07, 0xA9, 0x01, 0xA2, 0x0F, 0x20, 0x98, 0xC8, 0xA9, 0x00, 0x85, 0x01,
  0xA9, 0x62, 0x85, 0x00, 0xA2, 0x5C, 0xA0, 0x06, 0x20, 0x6C, 0xCA, 0xA9, 0x0B, 0x85, 0x79, 0xA9,
  0x00, 0xA2, 0x05, 0x95, 0x7A, 0xCA, 0x10, 0xFB, 0x18, 0xA2, 0x00, 0xA5, 0x67, 0xD0, 0x14, 0xA5,
  0x66, 0xD0, 0x17, 0xA5, 0x65, 0xD0, 0x1A, 0xA5, 0x64, 0xD0, 0x1D, 0xA5, 0x63, 0xD0, 0x20, 0xA5,
  0x62, 0x90, 0x23, 0x69, 0x10, 0x95, 0x7A, 0xE8, 0xA5, 0x66, 0x69, 0x10, 0x95, 0x7A, 0xE8, 0xA5,
  0x65, 0x69, 0x10, 0x95, 0x7A, 0xE8, 0xA5, 0x64, 0x69, 0x10, 0x95, 0x7A, 0xE8, 0xA5, 0x63, 0x69,
  0x10, 0x95, 0x7A, 0xE8, 0xA5, 0x62, 0x69, 0x10, 0x95, 0x7A, 0xA9, 0x00, 0xA2, 0x05, 0x95, 0x62,
  0xCA, 0x10, 0xFB, 0xA9, 0x50, 0x8D, 0x8C, 0x02, 0x4C, 0xAC, 0xCD, 0xAD, 0x02, 0x02, 0x09, 0x40,
  0x8D, 0x02, 0x02, 0xA9, 0xF8, 0xA2, 0x00, 0x20, 0x48, 0xC1, 0xAD, 0x25, 0x02, 0x20, 0xEF, 0xC1,
  0x30, 0x0A, 0x8E, 0x7D, 0x02, 0xA9, 0x02, 0x20, 0xB7, 0xCC, 0x10, 0x0E, 0xAD, 0x25, 0x02, 0xC9,
  0x10, 0xD0, 0x07, 0xA9, 0x00, 0x20, 0xB7, 0xCC, 0x10, 0x00, 0x60, 0xA9, 0x01, 0x8D, 0x8D, 0x02,
  0xA9, 0x00, 0x8D, 0x8C, 0x02, 0x8D, 0x84, 0x02, 0xA2, 0x05, 0x95, 0x5C, 0x95, 0x62, 0x95, 0x6D,
  0xCA, 0x10, 0xF7, 0xA2, 0x05, 0x20, 0x83, 0xCF, 0xA2, 0x0F, 0xA9, 0x00, 0x9D, 0x6D, 0x02, 0xCA,
  0x10, 0xFA, 0x20, 0xC7, 0xCF, 0x20, 0xC7, 0xCF, 0xA9, 0x00, 0x8D, 0x01, 0x20, 0xAD, 0x02, 0x20,
  0xA9, 0x2B, 0x8D, 0x06, 0x20, 0xA9, 0x40, 0x8D, 0x06, 0x20, 0xA2, 0x20, 0xA9, 0x00, 0x8D, 0x07,
  0x20, 0xCA, 0xD0, 0xFA, 0x60, 0x8A, 0x18, 0x65, 0x68, 0xA8, 0xA9, 0x04, 0x85, 0x02, 0xA9, 0x03,
  0x85, 0x03, 0xA9, 0x00, 0x8D, 0x7F, 0x02, 0xAD, 0x7E, 0x02, 0xF0, 0x1F, 0xD0, 0x34, 0x98, 0x18,
  0x65, 0x68, 0xA8, 0x8A, 0x18, 0x65, 0x68, 0xAA, 0xC6, 0x03, 0xD0, 0xEB, 0x98, 0x18, 0x65, 0x69,
  0xA8, 0x8A, 0x18, 0x65, 0x69, 0xAA, 0xC6, 0x02, 0xD0, 0xD4, 0x60, 0xBD, 0x6D, 0x02, 0xD0, 0xDE,
  0xB9, 0x6D, 0x02, 0xF0, 0xD9, 0xEE, 0x80, 0x02, 0x9D, 0x6D, 0x02, 0xA9, 0x00, 0x99, 0x6D, 0x02,
  0xF0, 0xCC, 0xAD, 0x7F, 0x02, 0xD0, 0xC7, 0xBD, 0x6D, 0x02, 0xF0, 0xC2, 0xD9, 0x6D, 0x02, 0xD0,
  0xBD, 0xC9, 0x0D, 0xB0, 0xB9, 0x84, 0x04, 0x86, 0x05, 0xEE, 0x7F, 0x02, 0xEE, 0x81, 0x02, 0x69,
  0x01, 0x9D, 0x6D, 0x02, 0x48, 0xCD, 0x84, 0x02, 0xF0, 0x15, 0x90, 0x13, 0x8D, 0x84, 0x02, 0x38,
  0xE9, 0x09, 0x90, 0x0B, 0xAA, 0x20, 0x83, 0xCF, 0xA9, 0x05, 0xA2, 0x0F, 0x20, 0x98, 0xC8, 0xA9,
  0x00, 0xA4, 0x04, 0x99, 0x6D, 0x02, 0xAA, 0x85, 0x01, 0x68, 0x38, 0xE9, 0x02, 0x0A, 0x0A, 0x85,
  0x00, 0xA9, 0xA2, 0xA0, 0xD3, 0x20, 0xAE, 0xC1, 0xA2, 0x62, 0xA0, 0x04, 0x20, 0x6C, 0xCA, 0xA4,
  0x05, 0xAE, 0x81, 0x02, 0x20, 0x0C, 0xD0, 0xA9, 0x81, 0x20, 0x9B, 0xC3, 0xA4, 0x04, 0xA6, 0x05,
  0x4C, 0xDE, 0xCE, 0xBD, 0xA5, 0xD6, 0x85, 0x6B, 0xBD, 0x9E, 0xD6, 0x85, 0x6C, 0xA0, 0x00, 0x8C,
  0x8E, 0x02, 0xC8, 0x8C, 0x8D, 0x02, 0xBD, 0xD2, 0xD3, 0xA2, 0x05, 0x20, 0x9B, 0xC3, 0xA9, 0xEF,
  0x8D, 0x47, 0x02, 0x60, 0xAC, 0x7D, 0x02, 0xB9, 0x8A, 0xD3, 0x85, 0x68, 0xB9, 0x8E, 0xD3, 0x85,
  0x69, 0xBE, 0x92, 0xD3, 0x4C, 0xC5, 0xCE, 0x38, 0xA2, 0x0F, 0xBC, 0x8F, 0x02, 0xB9, 0x6D, 0x02,
  0xF0, 0x04, 0xCA, 0x10, 0xF5, 0x18, 0x60, 0x20, 0xB7, 0xCF, 0x90, 0x1E, 0xA2, 0x01, 0x20, 0xF8,
  0xC1, 0xC9, 0x19, 0xB0, 0x02, 0xA2, 0x02, 0x8A, 0x99, 0x6D, 0x02, 0xA2, 0x00, 0x20, 0x0C, 0xD0,
  0xA9, 0x81, 0x20, 0x9B, 0xC3, 0xA9, 0x04, 0x8D, 0x8B, 0x02, 0x60, 0xA2, 0x0F, 0xBD, 0x6D, 0x02,
  0xF0, 0x19, 0xE0, 0x04, 0x90, 0x05, 0xDD, 0x69, 0x02, 0xF0, 0x10, 0x8A, 0x29, 0x03, 0xF0, 0x08,
  0xBD, 0x6D, 0x02, 0xDD, 0x6C, 0x02, 0xF0, 0x03, 0xCA, 0x10, 0xE2, 0x60, 0x98, 0x29, 0x03, 0x0A,
  0x0A, 0x0A, 0x0A, 0x0A, 0x69, 0x4C, 0x9D, 0x3A, 0x02, 0x98, 0x29, 0x0C, 0x0A, 0x0A, 0x0A, 0x69,
  0x43, 0x9D, 0x42, 0x02, 0x60, 0x18, 0xA2, 0x00, 0xA5, 0x61, 0xD0, 0x14, 0xA5, 0x60, 0xD0, 0x17,
  0xA5, 0x5F, 0xD0, 0x1A, 0xA5, 0x5E, 0xD0, 0x1D, 0xA5, 0x5D, 0xD0, 0x20, 0xA5, 0x5C, 0x90, 0x23,
  0x69, 0x10, 0x95, 0x6D, 0xE8, 0xA5, 0x60, 0x69, 0x10, 0x95, 0x6D, 0xE8, 0xA5, 0x5F, 0x69, 0x10,
  0x95, 0x6D, 0xE8, 0xA5, 0x5E, 0x69, 0x10, 0x95, 0x6D, 0xE8, 0xA5, 0x5D, 0x69, 0x10, 0x95, 0x6D,
  0xE8, 0xA5, 0x5C, 0x69, 0x10, 0x95, 0x6D, 0xA9, 0x02, 0x85, 0x01, 0xA9, 0x85, 0x85, 0x00, 0xA2,
  0x5C, 0xA0, 0x06, 0x20, 0x8B, 0xCA, 0xF0, 0x03, 0x90, 0x01, 0x60, 0xA2, 0x05, 0xB5, 0x5C, 0x9D,
  0x85, 0x02, 0xB5, 0x6D, 0x95, 0x73, 0xCA, 0x10, 0xF4, 0x60, 0xAD, 0x30, 0x02, 0x85, 0x00, 0xA2,
  0x0F, 0xBD, 0x6D, 0x02, 0xA8, 0x0A, 0x0A, 0x0A, 0x65, 0x00, 0x95, 0x0C, 0x69, 0x04, 0x95, 0x1C,
  0x98, 0x29, 0x03, 0xA8, 0xB9, 0x96, 0xD3, 0x95, 0x4C, 0xCA, 0x10, 0xE5, 0xA2, 0x0F, 0x18, 0xA5,
  0x00, 0x69, 0x70, 0x85, 0x00, 0xBD, 0x6D, 0x02, 0xF0, 0x02, 0xA9, 0x06, 0x65, 0x00, 0x95, 0x2C,
  0x69, 0x03, 0x95, 0x3C, 0xCA, 0x10, 0xEE, 0x60, 0xB6, 0x0C, 0xC8, 0x8E, 0x07, 0x20, 0xE8, 0x8E,
  0x07, 0x20, 0xE8, 0x8E, 0x07, 0x20, 0xE8, 0x8E, 0x07, 0x20, 0xB6, 0x0C, 0xC8, 0x8E, 0x07, 0x20,
  0xE8, 0x8E, 0x07, 0x20, 0xE8, 0x8E, 0x07, 0x20, 0xE8, 0x8E, 0x07, 0x20, 0xB6, 0x0C, 0xC8, 0x8E,
  0x07, 0x20, 0xE8, 0x8E, 0x07, 0x20, 0xE8, 0x8E, 0x07, 0x20, 0xE8, 0x8E, 0x07, 0x20, 0xB6, 0x0C,
  0xC8, 0x8E, 0x07, 0x20, 0xE8, 0x8E, 0x07, 0x20, 0xE8, 0x8E, 0x07, 0x20, 0xE8, 0x8E, 0x07, 0x20,
  0x60, 0xB6, 0x0C, 0xC8, 0x8E, 0x07, 0x20, 0xE8, 0x8E, 0x07, 0x20, 0x8E, 0x07, 0x20, 0xE8, 0x8E,
  0x07, 0x20, 0xB6, 0x0C, 0xC8, 0x8E, 0x07, 0x20, 0xE8, 0x8E, 0x07, 0x20, 0x8E, 0x07, 0x20, 0xE8,
  0x8E, 0x07, 0x20, 0xB6, 0x0C, 0xC8, 0x8E, 0x07, 0x20, 0xE8, 0x8E, 0x07, 0x20, 0x8E, 0x07, 0x20,
  0xE8, 0x8E, 0x07, 0x20, 0xB6, 0x0C, 0xC8, 0x8E, 0x07, 0x20, 0xE8, 0x8E, 0x07, 0x20, 0x8E, 0x07,
  0x20, 0xE8, 0x8E, 0x07, 0x20, 0x60, 0xA9, 0x00, 0xCD, 0x82, 0x02, 0xD0, 0x20, 0xCD, 0x83, 0x02,
  0xF0, 0x1A, 0xA9, 0xD3, 0x85, 0x01, 0xA9, 0xED, 0x85, 0x00, 0xA0, 0x00, 0xAD, 0x02, 0x20, 0xA9,
  0x22, 0x8D, 0x06, 0x20, 0xA9, 0x6C, 0x8D, 0x06, 0x20, 0x20, 0x85, 0xC1, 0x60, 0xA5, 0x6A, 0x49,
  0x80, 0x85, 0x6A, 0x30, 0x03, 0x4C, 0x84, 0xD2, 0xA9, 0x28, 0x8D, 0x06, 0x20, 0xA9, 0x8A, 0x8D,
  0x06, 0x20, 0xA5, 0x6D, 0x8D, 0x07, 0x20, 0xA5, 0x6E, 0x8D, 0x07, 0x20, 0xA5, 0x6F, 0x8D, 0x07,
  0x20, 0xA5, 0x70, 0x8D, 0x07, 0x20, 0xA5, 0x71, 0x8D, 0x07, 0x20, 0xA5, 0x72, 0x8D, 0x07, 0x20,
  0xA9, 0x28, 0x8D, 0x06, 0x20, 0xA9, 0xAA, 0x8D, 0x06, 0x20, 0xA5, 0x79, 0x8D, 0x07, 0x20, 0xA5,
  0x7A, 0x8D, 0x07, 0x20, 0xA5, 0x7B, 0x8D, 0x07, 0x20, 0xA5, 0x7C, 0x8D, 0x07, 0x20, 0xA5, 0x7D,
  0x8D, 0x07, 0x20, 0xA5, 0x7E, 0x8D, 0x07, 0x20, 0xA9, 0x2B, 0x8D, 0x06, 0x20, 0xA9, 0xD2, 0x8D,
  0x06, 0x20, 0xA5, 0x4C, 0x8D, 0x07, 0x20, 0xA5, 0x4D, 0x8D, 0x07, 0x20, 0xA5, 0x4E, 0x8D, 0x07,
  0x20, 0xA5, 0x4F, 0x8D, 0x07, 0x20, 0xA9, 0x2B, 0x8D, 0x06, 0x20, 0xA9, 0xDA, 0x8D, 0x06, 0x20,
  0xA5, 0x50, 0x8D, 0x07, 0x20, 0xA5, 0x51, 0x8D, 0x07, 0x20, 0xA5, 0x52, 0x8D, 0x07, 0x20, 0xA5,
  0x53, 0x8D, 0x07, 0x20, 0xA0, 0x00, 0xA9, 0x29, 0x8D, 0x06, 0x20, 0xA9, 0x28, 0x8D, 0x06, 0x20,
  0x20, 0xC8, 0xD0, 0xA9, 0x29, 0x8D, 0x06, 0x20, 0xA9, 0xA8, 0x8D, 0x06, 0x20, 0x20, 0xC8, 0xD0,
  0xA0, 0x10, 0xA9, 0x29, 0x8D, 0x06, 0x20, 0xA9, 0x48, 0x8D, 0x06, 0x20, 0x20, 0xC8, 0xD0, 0xA9,
  0x29, 0x8D, 0x06, 0x20, 0xA9, 0xC8, 0x8D, 0x06, 0x20, 0x20, 0xC8, 0xD0, 0xA0, 0x20, 0xA9, 0x29,
  0x8D, 0x06, 0x20, 0xA9, 0x08, 0x8D, 0x06, 0x20, 0x20, 0x11, 0xD1, 0xA9, 0x29, 0x8D, 0x06, 0x20,
  0xA9, 0x88, 0x8D, 0x06, 0x20, 0x20, 0x11, 0xD1, 0xA0, 0x30, 0xA9, 0x29, 0x8D, 0x06, 0x20, 0xA9,
  0x68, 0x8D, 0x06, 0x20, 0x20, 0x11, 0xD1, 0xA9, 0x29, 0x8D, 0x06, 0x20, 0xA9, 0xE8, 0x8D, 0x06,
  0x20, 0x4C, 0x11, 0xD1, 0xA9, 0x28, 0x8D, 0x06, 0x20, 0xA9, 0x96, 0x8D, 0x06, 0x20, 0xA5, 0x73,
  0x8D, 0x07, 0x20, 0xA5, 0x74, 0x8D, 0x07, 0x20, 0xA5, 0x75, 0x8D, 0x07, 0x20, 0xA5, 0x76, 0x8D,
  0x07, 0x20, 0xA5, 0x77, 0x8D, 0x07, 0x20, 0xA5, 0x78, 0x8D, 0x07, 0x20, 0x20, 0x5B, 0xD3, 0xA9,
  0x2B, 0x8D, 0x06, 0x20, 0xA9, 0xE2, 0x8D, 0x06, 0x20, 0xA5, 0x54, 0x8D, 0x07, 0x20, 0xA5, 0x55,
  0x8D, 0x07, 0x20, 0xA5, 0x56, 0x8D, 0x07, 0x20, 0xA5, 0x57, 0x8D, 0x07, 0x20, 0xA9, 0x2B, 0x8D,
  0x06, 0x20, 0xA9, 0xEA, 0x8D, 0x06, 0x20, 0xA5, 0x58, 0x8D, 0x07, 0x20, 0xA5, 0x59, 0x8D, 0x07,
  0x20, 0xA5, 0x5A, 0x8D, 0x07, 0x20, 0xA5, 0x5B, 0x8D, 0x07, 0x20, 0xA0, 0x08, 0xA9, 0x2A, 0x8D,
  0x06, 0x20, 0xA9, 0x28, 0x8D, 0x06, 0x20, 0x20, 0xC8, 0xD0, 0xA9, 0x2A, 0x8D, 0x06, 0x20, 0xA9,
  0xA8, 0x8D, 0x06, 0x20, 0x20, 0xC8, 0xD0, 0xA0, 0x18, 0xA9, 0x2A, 0x8D, 0x06, 0x20, 0xA9, 0x48,
  0x8D, 0x06, 0x20, 0x20, 0xC8, 0xD0, 0xA9, 0x2A, 0x8D, 0x06, 0x20, 0xA9, 0xC8, 0x8D, 0x06, 0x20,
  0x20, 0xC8, 0xD0, 0xA0, 0x28, 0xA9, 0x2A, 0x8D, 0x06, 0x20, 0xA9, 0x08, 0x8D, 0x06, 0x20, 0x20,
  0x11, 0xD1, 0xA9, 0x2A, 0x8D, 0x06, 0x20, 0xA9, 0x88, 0x8D, 0x06, 0x20, 0x20, 0x11, 0xD1, 0xA0,
  0x38, 0xA9, 0x2A, 0x8D, 0x06, 0x20, 0xA9, 0x68, 0x8D, 0x06, 0x20, 0x20, 0x11, 0xD1, 0xA9, 0x2A,
  0x8D, 0x06, 0x20, 0xA9, 0xE8, 0x8D, 0x06, 0x20, 0x4C, 0x11, 0xD1, 0xA0, 0x00, 0xB1, 0x6B, 0xAA,
  0xAD, 0x8E, 0x02, 0x29, 0x1F, 0xD0, 0x05, 0xCE, 0x8D, 0x02, 0xD0, 0x1D, 0xA0, 0x2B, 0x8C, 0x06,
  0x20, 0x09, 0x40, 0x8D, 0x06, 0x20, 0x8A, 0x18, 0x10, 0x01, 0x0A, 0x8D, 0x07, 0x20, 0xEE, 0x8E,
  0x02, 0xB0, 0x06, 0xE6, 0x6B, 0xD0, 0x02, 0xE6, 0x6C, 0x60, 0x04, 0xFC, 0x01, 0xFF, 0xF5, 0x0B,
  0x01, 0xFF, 0x00, 0x0F, 0x00, 0x0F, 0x00, 0x55, 0xAA, 0xFF, 0x01, 0x01, 0x01, 0x02, 0x03, 0x04,
  0x06, 0x08, 0x04, 0x00, 0x00, 0x00, 0x08, 0x00, 0x00, 0x00, 0x06, 0x01, 0x00, 0x00, 0x02, 0x03,
  0x00, 0x00, 0x04, 0x06, 0x00, 0x00, 0x08, 0x02, 0x01, 0x00, 0x06, 0x05, 0x02, 0x00, 0x02, 0x01,
  0x05, 0x00, 0x04, 0x02, 0x00, 0x01, 0x08, 0x04, 0x00, 0x02, 0x06, 0x09, 0x00, 0x04, 0x02, 0x09,
  0x01, 0x08, 0x82, 0x83, 0x84, 0x84, 0x84, 0x86, 0x85, 0x05, 0x33, 0x23, 0x2F, 0x32, 0x25, 0x04,
  0x28, 0x29, 0x27, 0x28, 0x08, 0x2E, 0x25, 0x37, 0x00, 0x27, 0x21, 0x2D, 0x25, 0x08, 0x23, 0x2F,
  0x2E, 0x34, 0x29, 0x2E, 0x35, 0x25, 0xA0, 0x00, 0x00, 0x00, 0x00, 0x00, 0x00, 0x00, 0x00, 0x00,
  0x08, 0x23, 0x09, 0x00, 0x12, 0x10, 0x11, 0x14, 0x00, 0x34, 0x33, 0x2F, 0x2E, 0x25, 0x00, 0x00,
  0x00, 0x00, 0x00, 0x00, 0x00, 0x00, 0x00, 0x00, 0x00, 0x00, 0x00, 0x00, 0x00, 0x00, 0x00, 0x00,
  0x00, 0x00, 0x00, 0x00, 0x00, 0x00, 0x00, 0x00, 0x00, 0x00, 0x00, 0x00, 0x00, 0x00, 0x00, 0x00,
  0x00, 0x00, 0x00, 0x00, 0x00, 0x00, 0x00, 0x00, 0x00, 0x2F, 0x32, 0x29, 0x27, 0x29, 0x2E, 0x21,
  0x2C, 0x00, 0x22, 0x39, 0x00, 0x27, 0x21, 0x22, 0x32, 0x29, 0x25, 0x2C, 0x25, 0x00, 0x23, 0x29,
  0x32, 0x35, 0x2C, 0x2C, 0x29, 0x00, 0x00, 0x00, 0x00, 0x00, 0x26, 0x2F, 0x2E, 0x34, 0x00, 0x21,
  0x2E, 0x24, 0x00, 0x34, 0x29, 0x2C, 0x25, 0x33, 0x00, 0x22, 0x39, 0x00, 0x2F, 0x25, 0x32, 0x27,
  0x18, 0x16, 0x16, 0x00, 0x00, 0x00, 0x00, 0x00, 0x00, 0x00, 0x00, 0x00, 0x00, 0x00, 0x26, 0x21,
  0x2D, 0x29, 0x34, 0x2F, 0x2E, 0x25, 0x12, 0x00, 0x22, 0x39, 0x00, 0x33, 0x28, 0x29, 0x32, 0x35,
  0x00, 0x00, 0x00, 0x00, 0x00, 0x00, 0x00, 0x00, 0x00, 0x00, 0x00, 0x00, 0x00, 0x00, 0x00, 0x34,
  0x32, 0x39, 0x00, 0x34, 0x2F, 0x00, 0x27, 0x25, 0x34, 0x00, 0x12, 0x10, 0x14, 0x18, 0x0E, 0x00,
  0x00, 0x00, 0x00, 0x00, 0x00, 0x00, 0x00, 0x00, 0x00, 0x00, 0x00, 0x00, 0x00, 0x00, 0x00, 0x00,
  0x39, 0x2F, 0x35, 0x00, 0x23, 0x21, 0x2E, 0x00, 0x24, 0x2F, 0x00, 0x29, 0x34, 0x0E, 0x00, 0x00,
  0x00, 0x00, 0x00, 0x00, 0x00, 0x00, 0x00, 0x80, 0x00, 0x00, 0x00, 0x00, 0x00, 0x00, 0x00, 0x00,
  0x00, 0x00, 0x39, 0x2F, 0x35, 0x00, 0x27, 0x2F, 0x34, 0x00, 0x15, 0x11, 0x12, 0x01, 0x00, 0x00,
  0x00, 0x00, 0x00, 0x00, 0x00, 0x00, 0x00, 0x00, 0x80, 0x00, 0x00, 0x00, 0x00, 0x00, 0x00, 0x00,
  0x2E, 0x29, 0x23, 0x25, 0x01, 0x00, 0x39, 0x2F, 0x35, 0x00, 0x27, 0x2F, 0x34, 0x00, 0x11, 0x10,
  0x12, 0x14, 0x0E, 0x00, 0x00, 0x00, 0x00, 0x00, 0x00, 0x00, 0x00, 0x00, 0x00, 0x00, 0x00, 0x00,
  0x23, 0x2F, 0x2E, 0x34, 0x29, 0x2E, 0x35, 0x25, 0x00, 0x26, 0x2F, 0x32, 0x00, 0x12, 0x10, 0x14,
  0x18, 0x0E, 0x00, 0x00, 0x00, 0x00, 0x00, 0x00, 0x00, 0x80, 0x00, 0x00, 0x00, 0x00, 0x00, 0x21,
  0x37, 0x25, 0x33, 0x2F, 0x2D, 0x25, 0x01, 0x00, 0x39, 0x2F, 0x35, 0x00, 0x27, 0x2F, 0x34, 0x00,
  0x12, 0x10, 0x14, 0x18, 0x01, 0x00, 0x00, 0x00, 0x00, 0x00, 0x00, 0x00, 0x00, 0x00, 0x00, 0x00,
  0x00, 0x00, 0x23, 0x2F, 0x2E, 0x27, 0x32, 0x21, 0x34, 0x35, 0x2C, 0x21, 0x34, 0x29, 0x2F, 0x2E,
  0x33, 0x01, 0x00, 0x00, 0x00, 0x00, 0x00, 0x00, 0x00, 0x00, 0x00, 0x00, 0x00, 0x00, 0x00, 0x00,
  0x39, 0x2F, 0x35, 0x07, 0x36, 0x25, 0x00, 0x22, 0x25, 0x21, 0x34, 0x00, 0x34, 0x28, 0x25, 0x00,
  0x27, 0x21, 0x2D, 0x25, 0x0E, 0x00, 0x00, 0x00, 0x00, 0x00, 0x00, 0x00, 0x00, 0x00, 0x23, 0x2F,
  0x2E, 0x34, 0x29, 0x2E, 0x35, 0x25, 0x00, 0x26, 0x2F, 0x32, 0x00, 0x28, 0x29, 0x27, 0x28, 0x00,
  0x33, 0x23, 0x2F, 0x32, 0x25, 0x0E, 0x00, 0x00, 0x00, 0x00, 0x80, 0x00, 0x00, 0x00, 0x00, 0x00,
  0x00, 0x00, 0x29, 0x2D, 0x30, 0x32, 0x25, 0x33, 0x33, 0x29, 0x36, 0x25, 0x01, 0x01, 0x00, 0x14,
  0x10, 0x19, 0x16, 0x01, 0x00, 0x00, 0x00, 0x00, 0x00, 0x00, 0x00, 0x00, 0x00, 0x00, 0x00, 0x0E,
  0x0E, 0x0E, 0x22, 0x35, 0x34, 0x00, 0x23, 0x21, 0x2E, 0x00, 0x39, 0x2F, 0x35, 0x00, 0x27, 0x25,
  0x34, 0x00, 0x18, 0x11, 0x19, 0x12, 0x1F, 0x00, 0x00, 0x00, 0x00, 0x80, 0x00, 0x00, 0x18, 0x11,
  0x19, 0x12, 0x01, 0x01, 0x01, 0x00, 0x39, 0x2F, 0x35, 0x00, 0x2D, 0x35, 0x33, 0x34, 0x00, 0x22,
  0x25, 0x00, 0x2B, 0x29, 0x24, 0x24, 0x29, 0x2E, 0x27, 0x0E, 0x00, 0x00, 0x00, 0x00, 0x00, 0x18,
  0x11, 0x19, 0x12, 0x00, 0x29, 0x33, 0x00, 0x34, 0x28, 0x25, 0x00, 0x2D, 0x21, 0x38, 0x29, 0x2D,
  0x35, 0x2D, 0x00, 0x22, 0x2C, 0x2F, 0x23, 0x2B, 0x0E, 0x00, 0x00, 0x00, 0x00, 0x00, 0x00, 0x00,
  0x23, 0x2F, 0x2E, 0x34, 0x29, 0x2E, 0x35, 0x25, 0x00, 0x26, 0x2F, 0x32, 0x00, 0x2D, 0x2F, 0x32,
  0x25, 0x00, 0x30, 0x2F, 0x29, 0x2E, 0x34, 0x33, 0x0E, 0x00, 0x00, 0x00, 0x80, 0x00, 0x00, 0x00,
  0x00, 0x00, 0x00, 0x33, 0x2F, 0x32, 0x32, 0x39, 0x01, 0x00, 0x2F, 0x35, 0x34, 0x00, 0x2F, 0x26,
  0x00, 0x2D, 0x2F, 0x36, 0x25, 0x33, 0x01, 0x00, 0x00, 0x00, 0x00, 0x00, 0x00, 0x00, 0x00, 0x00,
  0x00, 0x30, 0x32, 0x25, 0x33, 0x33, 0x00, 0x33, 0x34, 0x21, 0x32, 0x34, 0x00, 0x26, 0x2F, 0x32,
  0x00, 0x2E, 0x25, 0x37, 0x00, 0x27, 0x21, 0x2D, 0x25, 0x0E, 0x00, 0x00, 0x00, 0x80, 0xD4, 0xD4,
  0xD5, 0xD5, 0xD5, 0xD4, 0xD6, 0xD8, 0xF9, 0x3A, 0xBB, 0xFC, 0x97, 0x5D, 0x02, 0xCD, 0xD6, 0x21,
  0xD7, 0xE9, 0xD7, 0x1B, 0xDA, 0xFE, 0xDA, 0xA3, 0xDC, 0x49, 0xDF, 0x33, 0x01, 0x00, 0x01, 0x68,
  0xE3, 0x70, 0xE3, 0x78, 0xE3, 0x89, 0xE3, 0xB0, 0xE3, 0x33, 0x01, 0x00, 0x01, 0x30, 0x76, 0xD7,
  0x55, 0xD7, 0xC8, 0xD7, 0x00, 0x30, 0x58, 0xD7, 0x55, 0xD7, 0x55, 0xD7, 0x00, 0x30, 0x5D, 0xD7,
  0x55, 0xD7, 0x55, 0xD7, 0x00, 0xB0, 0x63, 0xD7, 0x55, 0xD7, 0xC8, 0xD7, 0x00, 0x30, 0x76, 0xD7,
  0x55, 0xD7, 0xD6, 0xD7, 0x00, 0xB0, 0x7B, 0xD7, 0x55, 0xD7, 0xC8, 0xD7, 0x00, 0x30, 0x76, 0xD7,
  0xB0, 0xD7, 0xE4, 0xD7, 0x00, 0xB0, 0x87, 0xD7, 0x55, 0xD7, 0xC8, 0xD7, 0x00, 0xB0, 0x8F, 0xD7,
  0x55, 0xD7, 0xC8, 0xD7, 0x00, 0x30, 0x96, 0xD7, 0xA8, 0xD7, 0x55, 0xD7, 0x00, 0x30, 0x96, 0xD7,
  0xC0, 0xD7, 0x55, 0xD7, 0x00, 0xE0, 0x25, 0x0F, 0x00, 0xE0, 0x00, 0x00, 0x00, 0xE0, 0x00, 0x00,
  0x00, 0xE0, 0x00, 0x00, 0x00, 0xE0, 0x00, 0x00, 0x00, 0xE0, 0x00, 0x00, 0x00, 0xE0, 0x00, 0x00,
  0x00, 0xE0, 0x00, 0x00, 0x00, 0xE0, 0x00, 0x00, 0x00, 0xE0, 0x00, 0x00, 0x00, 0xE0, 0x00, 0x00,
  0x00, 0xE0, 0x00, 0x00, 0x00, 0xC0, 0x00, 0x00, 0xC0, 0xC8, 0xC0, 0x00, 0x02, 0xC0, 0xCB, 0xC4,
  0xC0, 0x00, 0x03, 0xC0, 0xC3, 0xC6, 0xC7, 0xC7, 0xC6, 0xC5, 0xC5, 0xC4, 0xC4, 0xC3, 0x02, 0xC2,
  0x02, 0xC1, 0x03, 0xC0, 0x00, 0x10, 0xC0, 0xC0, 0xCF, 0x00, 0x02, 0xC0, 0xC3, 0xC5, 0xC4, 0xC3,
  0xC2, 0xC2, 0xC1, 0x02, 0xC0, 0x00, 0x09, 0xC0, 0xC1, 0xC2, 0xC1, 0x04, 0xC0, 0x00, 0x05, 0xC0,
  0xC0, 0xC1, 0x03, 0xC0, 0x00, 0x04, 0xC0, 0xC3, 0xC5, 0xC5, 0xC4, 0xC4, 0xC3, 0xC2, 0xC2, 0xC1,
  0xC1, 0xC0, 0x00, 0x0B, 0xC0, 0xCC, 0x00, 0x01, 0xC0, 0xC0, 0xC4, 0xC4, 0xC7, 0xC7, 0x00, 0x00,
  0xC0, 0xBE, 0xBC, 0xBA, 0xB8, 0xB6, 0xB4, 0xB3, 0xB2, 0xB1, 0xB0, 0xAF, 0xAE, 0xAD, 0x00, 0x0D,
  0xC0, 0xC0, 0xC3, 0xC3, 0xC8, 0xC8, 0x00, 0x00, 0xC0, 0x03, 0xC1, 0xC0, 0x03, 0xBF, 0xC0, 0x03,
  0xBF, 0xC0, 0x03, 0xC1, 0x00, 0x00, 0xC0, 0xC0, 0xC7, 0xC0, 0xC0, 0xB9, 0xC0, 0xC0, 0xB9, 0xC0,
  0xC0, 0xC7, 0x00, 0x00, 0xC8, 0x06, 0xC8, 0x00, 0x02, 0x00, 0xBD, 0x86, 0x2C, 0x8D, 0x8A, 0x2C,
  0x85, 0x86, 0x3A, 0x85, 0x8E, 0x2C, 0x85, 0x8A, 0x3A, 0x85, 0x8E, 0x2C, 0x85, 0x3A, 0x85, 0x90,
  0x2C, 0x85, 0x3A, 0x85, 0x2C, 0x85, 0x86, 0x34, 0x85, 0x8E, 0x2C, 0x85, 0x86, 0x36, 0x85, 0x34,
  0x85, 0x2C, 0x85, 0x28, 0x85, 0x8A, 0x2C, 0x85, 0x28, 0x85, 0x86, 0x36, 0x85, 0x8E, 0x28, 0x85,
  0x86, 0x36, 0x85, 0x34, 0x85, 0x8A, 0x36, 0x85, 0x34, 0x85, 0x8E, 0x36, 0x85, 0x34, 0x85, 0x90,
  0x36, 0x85, 0x34, 0x85, 0x36, 0x85, 0x34, 0x85, 0x36, 0x85, 0xFF, 0x1E, 0xEB, 0xD7, 0x28, 0x85,
  0x8A, 0x2C, 0x85, 0x28, 0x85, 0x86, 0x36, 0x85, 0x8E, 0x28, 0x85, 0x86, 0x36, 0x85, 0x34, 0x85,
  0x2C, 0x85, 0x8A, 0x34, 0x85, 0x2C, 0x85, 0x8E, 0x34, 0x85, 0x2C, 0x85, 0x90, 0x34, 0x85, 0x2C,
  0x85, 0x34, 0x85, 0x2C, 0x85, 0xFF, 0x1E, 0xEB, 0xD7, 0xFF, 0x20, 0x13, 0xD8, 0xFF, 0x1E, 0xEB,
  0xD7, 0xFF, 0x20, 0x3E, 0xD8, 0x86, 0x3A, 0x8D, 0x8A, 0x3A, 0x8D, 0x8E, 0x3A, 0x8D, 0x86, 0x2C,
  0x85, 0x34, 0x85, 0x8E, 0x2C, 0x85, 0x86, 0x2C, 0x85, 0x90, 0x2C, 0x85, 0x8A, 0x2C, 0x8D, 0x8E,
  0x2C, 0x85, 0x86, 0x2C, 0x85, 0x34, 0x85, 0x36, 0x85, 0x90, 0x34, 0x85, 0x8A, 0x36, 0x8D, 0x8E,
  0x36, 0x8D, 0x86, 0x28, 0x85, 0x30, 0x85, 0x90, 0x28, 0x85, 0x86, 0x28, 0x85, 0x90, 0x28, 0x85,
  0x8A, 0x28, 0x8D, 0x8E, 0x28, 0x8D, 0x90, 0x28, 0x85, 0x86, 0x3A, 0x8D, 0x8A, 0x3A, 0x8D, 0x8E,
  0x3A, 0x8D, 0x86, 0x3A, 0x85, 0x44, 0x85, 0x8E, 0x3A, 0x85, 0x86, 0x2C, 0x85, 0x90, 0x3A, 0x85,
  0x8A, 0x2C, 0x8D, 0x8E, 0x2C, 0x85, 0x86, 0x2C, 0x85, 0x34, 0x85, 0xFF, 0x18, 0x97, 0xD8, 0xFF,
  0x1E, 0xEB, 0xD7, 0xFF, 0x20, 0x13, 0xD8, 0xFF, 0x1E, 0xEB, 0xD7, 0xFF, 0x20, 0x3E, 0xD8, 0xFF,
  0x1E, 0xEB, 0xD7, 0xFF, 0x20, 0x13, 0xD8, 0xFF, 0x1E, 0xEB, 0xD7, 0xFF, 0x20, 0x3E, 0xD8, 0xFF,
  0x18, 0x75, 0xD8, 0xFF, 0x18, 0x97, 0xD8, 0xFF, 0x18, 0xB9, 0xD8, 0xFF, 0x18, 0x97, 0xD8, 0x00,
  0xBD, 0x86, 0x45, 0x00, 0x89, 0x8A, 0x45, 0x00, 0x89, 0x8E, 0x45, 0x00, 0x89, 0x90, 0x45, 0x00,
  0xC9, 0xFF, 0x0C, 0x11, 0xD9, 0xFF, 0x0C, 0x11, 0xD9, 0xFF, 0x0C, 0x11, 0xD9, 0x4F, 0x4F, 0x8E,
  0x53, 0x90, 0x53, 0x8E, 0x59, 0x90, 0x59, 0x53, 0x53, 0x4F, 0x4F, 0x8E, 0x53, 0x90, 0x53, 0x8E,
  0x59, 0x90, 0x59, 0x53, 0x53, 0x4F, 0x4F, 0x8E, 0x53, 0x90, 0x53, 0x8E, 0x59, 0x90, 0x59, 0x53,
  0x53, 0x4F, 0x4F, 0x8E, 0x53, 0x90, 0x53, 0x8E, 0x59, 0x90, 0x59, 0x53, 0x52, 0x81, 0x8E, 0x53,
  0x90, 0x53, 0x8E, 0x59, 0x90, 0x59, 0x8E, 0x5D, 0x90, 0x5D, 0x59, 0x59, 0x8E, 0x53, 0x90, 0x53,
  0x8E, 0x59, 0x90, 0x59, 0x8E, 0x5D, 0x90, 0x5D, 0x59, 0x59, 0x8E, 0x53, 0x90, 0x53, 0x8E, 0x59,
  0x90, 0x59, 0x8E, 0x5D, 0x90, 0x5D, 0x59, 0x59, 0x8E, 0x53, 0x90, 0x53, 0x8E, 0x59, 0x90, 0x59,
  0x8E, 0x5D, 0x90, 0x5D, 0x59, 0x58, 0x81, 0xFF, 0x21, 0x2D, 0xD9, 0x8E, 0x53, 0x90, 0x53, 0x8E,
  0x59, 0x90, 0x59, 0x8E, 0x5D, 0x90, 0x5D, 0x59, 0x59, 0x8E, 0x53, 0x90, 0x53, 0x8E, 0x59, 0x90,
  0x59, 0x8E, 0x5D, 0x90, 0x5D, 0x59, 0x59, 0x86, 0x45, 0x00, 0x89, 0x8A, 0x45, 0x00, 0x89, 0x8E,
  0x45, 0x00, 0x89, 0x90, 0x45, 0x00, 0x89, 0xFF, 0x1E, 0xEB, 0xD7, 0xFF, 0x20, 0x13, 0xD8, 0xFF,
  0x1E, 0xEB, 0xD7, 0xFF, 0x20, 0x3E, 0xD8, 0xFF, 0x1E, 0xEB, 0xD7, 0xFF, 0x20, 0x13, 0xD8, 0xFF,
  0x1E, 0xEB, 0xD7, 0x28, 0x85, 0x8A, 0x2C, 0x85, 0x28, 0x85, 0x86, 0x36, 0x85, 0x8E, 0x28, 0x85,
  0x86, 0x36, 0x85, 0x34, 0x85, 0x2C, 0x85, 0x45, 0x00, 0x89, 0x8A, 0x45, 0x01, 0x94, 0x3E, 0x85,
  0x8E, 0x45, 0x00, 0x89, 0x90, 0x45, 0x00, 0x89, 0xFF, 0x21, 0x2D, 0xD9, 0xFF, 0x21, 0x5E, 0xD9,
  0xFF, 0x21, 0x2D, 0xD9, 0xFF, 0x1C, 0x9B, 0xD9, 0xFD, 0xEB, 0xD7, 0x00, 0xBD, 0x87, 0x92, 0x44,
  0x9D, 0x44, 0x9D, 0x44, 0x9D, 0x44, 0x95, 0x87, 0x40, 0x9D, 0x40, 0x9D, 0x40, 0x9D, 0x40, 0x95,
  0x87, 0x44, 0x9D, 0x44, 0x9D, 0x44, 0x9D, 0x44, 0x95, 0xFF, 0x09, 0x27, 0xDA, 0xFF, 0x09, 0x30,
  0xDA, 0xFF, 0x09, 0x27, 0xDA, 0xFF, 0x09, 0x30, 0xDA, 0xFF, 0x09, 0x27, 0xDA, 0xFF, 0x09, 0x30,
  0xDA, 0xFF, 0x09, 0x27, 0xDA, 0xFF, 0x09, 0x30, 0xDA, 0xFF, 0x09, 0x27, 0xDA, 0xFF, 0x09, 0x30,
  0xDA, 0xFF, 0x09, 0x27, 0xDA, 0xFF, 0x09, 0x30, 0xDA, 0xFF, 0x09, 0x27, 0xDA, 0xFF, 0x09, 0x30,
  0xDA, 0xFF, 0x09, 0x27, 0xDA, 0xFF, 0x09, 0x30, 0xDA, 0xFF, 0x09, 0x27, 0xDA, 0x87, 0x44, 0x9D,
  0x45, 0x44, 0x99, 0x44, 0x9D, 0x44, 0x95, 0x87, 0x40, 0x9D, 0x41, 0x40, 0x99, 0x40, 0x9D, 0x40,
  0x95, 0xFF, 0x0A, 0x7D, 0xDA, 0xFF, 0x0A, 0x87, 0xDA, 0x87, 0x44, 0xB5, 0x87, 0x44, 0xF5, 0x87,
  0x44, 0xF5, 0x87, 0x44, 0x9D, 0x44, 0x9D, 0x40, 0x8D, 0x94, 0x3E, 0x8D, 0x3E, 0x95, 0x87, 0x92,
  0x44, 0x9D, 0x44, 0x9D, 0x40, 0x8D, 0x94, 0x3E, 0x8D, 0x3E, 0x95, 0xFF, 0x0B, 0xAE, 0xDA, 0xFF,
  0x0B, 0xAE, 0xDA, 0xFF, 0x0B, 0xAE, 0xDA, 0x87, 0x92, 0x44, 0xF5, 0xFF, 0x09, 0x30, 0xDA, 0xFF,
  0x09, 0x27, 0xDA, 0xFF, 0x09, 0x30, 0xDA, 0xFF, 0x09, 0x27, 0xDA, 0xFF, 0x09, 0x30, 0xDA, 0xFF,
  0x09, 0x27, 0xDA, 0xFF, 0x0A, 0x7D, 0xDA, 0xFF, 0x0A, 0x87, 0xDA, 0xFF, 0x0B, 0xA2, 0xDA, 0xFF,
  0x0B, 0xAE, 0xDA, 0xFF, 0x0B, 0xAE, 0xDA, 0x87, 0x92, 0x44, 0xF5, 0xFD, 0x1D, 0xDA, 0x00, 0xA5,
  0x8C, 0x58, 0x58, 0x58, 0x00, 0x58, 0x00, 0x58, 0x00, 0x4C, 0x00, 0x83, 0x00, 0x85, 0x80, 0x14,
  0x85, 0x00, 0x85, 0x2C, 0x91, 0x00, 0x99, 0x2C, 0x85, 0x00, 0x85, 0x14, 0x91, 0x00, 0x91, 0x00,
  0x85, 0x10, 0x85, 0x00, 0x85, 0x28, 0x91, 0x00, 0x99, 0x28, 0x85, 0x00, 0x85, 0x10, 0x91, 0x00,
  0x91, 0x00, 0x85, 0x14, 0x85, 0x00, 0x85, 0x2C, 0x91, 0x00, 0x99, 0x2C, 0x85, 0x00, 0x85, 0x14,
  0x91, 0x00, 0x91, 0xFF, 0x12, 0x1F, 0xDB, 0xFF, 0x12, 0x31, 0xDB, 0xFF, 0x12, 0x1F, 0xDB, 0xFF,
  0x12, 0x31, 0xDB, 0x87, 0x88, 0x10, 0x85, 0x00, 0x85, 0x80, 0x28, 0x91, 0x00, 0x99, 0x28, 0x85,
  0x00, 0x85, 0x88, 0x10, 0x8D, 0x8C, 0x58, 0x00, 0x83, 0x58, 0x00, 0x83, 0x4C, 0x00, 0x83, 0xFF,
  0x12, 0x0C, 0xDB, 0xFF, 0x12, 0x1F, 0xDB, 0xFF, 0x12, 0x31, 0xDB, 0xFF, 0x18, 0x53, 0xDB, 0xFF,
  0x12, 0x0C, 0xDB, 0xFF, 0x12, 0x1F, 0xDB, 0xFF, 0x12, 0x31, 0xDB, 0xFF, 0x12, 0x1F, 0xDB, 0xFF,
  0x12, 0x31, 0xDB, 0xFF, 0x12, 0x1F, 0xDB, 0xFF, 0x12, 0x31, 0xDB, 0xFF, 0x18, 0x53, 0xDB, 0xFF,
  0x12, 0x0C, 0xDB, 0xFF, 0x12, 0x1F, 0xDB, 0xFF, 0x12, 0x31, 0xDB, 0xFF, 0x18, 0x53, 0xDB, 0x4C,
  0x00, 0x83, 0x80, 0x2C, 0x85, 0x00, 0x91, 0x3B, 0x37, 0x33, 0x37, 0x33, 0x2D, 0x28, 0x81, 0x01,
  0x2D, 0x15, 0x2D, 0x01, 0x2D, 0x2D, 0x2D, 0x01, 0x2D, 0x15, 0x2D, 0x22, 0x85, 0x28, 0x85, 0x01,
  0x2D, 0x15, 0x2D, 0x01, 0x2D, 0x2D, 0x2D, 0x01, 0x2D, 0x15, 0x2D, 0x22, 0x85, 0x28, 0x85, 0xFF,
  0x20, 0xBF, 0xDB, 0xFF, 0x20, 0xBF, 0xDB, 0x01, 0x2D, 0x15, 0x2D, 0x01, 0x2D, 0x2D, 0x2D, 0x01,
  0x2D, 0x15, 0x2D, 0x22, 0x85, 0x28, 0x85, 0x01, 0x2D, 0x15, 0x2D, 0x01, 0x2D, 0x2D, 0x2D, 0x01,
  0x3B, 0x37, 0x33, 0x37, 0x33, 0x2D, 0x28, 0x81, 0xFF, 0x20, 0xBF, 0xDB, 0xFF, 0x20, 0xBF, 0xDB,
  0xFF, 0x20, 0xBF, 0xDB, 0x01, 0x2D, 0x15, 0x2D, 0x01, 0x2D, 0x2D, 0x2D, 0x01, 0x2D, 0x15, 0x2D,
  0x22, 0x85, 0x28, 0x85, 0x00, 0x85, 0x14, 0x85, 0x00, 0x85, 0x2D, 0x2D, 0x0F, 0x26, 0x85, 0x01,
  0x28, 0x85, 0x8C, 0x58, 0x00, 0x4C, 0x81, 0x01, 0x80, 0x2D, 0x15, 0x2D, 0x01, 0x2D, 0x2D, 0x2D,
  0x01, 0x2D, 0x15, 0x2D, 0x22, 0x85, 0x28, 0x85, 0x01, 0x2D, 0x15, 0x2D, 0x01, 0x2D, 0x2D, 0x2D,
  0x01, 0x2D, 0x15, 0x2D, 0x22, 0x85, 0x28, 0x85, 0xFF, 0x20, 0xBF, 0xDB, 0xFF, 0x20, 0xBF, 0xDB,
  0xFF, 0x21, 0xE7, 0xDB, 0xFF, 0x20, 0xBF, 0xDB, 0xFF, 0x20, 0xBF, 0xDB, 0xFF, 0x20, 0xBF, 0xDB,
  0x01, 0x2D, 0x15, 0x2D, 0x01, 0x2D, 0x2D, 0x2D, 0x01, 0x2D, 0x15, 0x2D, 0x22, 0x85, 0x28, 0x85,
  0x01, 0x2D, 0x15, 0x2D, 0x00, 0x91, 0x15, 0x2D, 0x15, 0x00, 0x85, 0x8C, 0x58, 0x00, 0x4C, 0x00,
  0xFF, 0x20, 0x37, 0xDC, 0xFF, 0x20, 0xBF, 0xDB, 0xFF, 0x20, 0xBF, 0xDB, 0xFF, 0x22, 0x14, 0xDC,
  0xFD, 0x0C, 0xDB, 0x82, 0x1E, 0x8D, 0x1C, 0x8D, 0x18, 0x85, 0x84, 0x0A, 0x08, 0x0B, 0x09, 0x0B,
  0x08, 0x85, 0x82, 0x1E, 0x85, 0x19, 0x19, 0x84, 0x0A, 0x85, 0x82, 0x1C, 0x85, 0x1E, 0x85, 0x19,
  0x19, 0x84, 0x0A, 0x85, 0x82, 0x1C, 0x85, 0x1E, 0x85, 0x19, 0x19, 0x84, 0x0A, 0x85, 0x82, 0x1C,
  0x85, 0x1E, 0x85, 0x19, 0x19, 0x84, 0x0A, 0x85, 0x82, 0x1C, 0x85, 0x1E, 0x85, 0x19, 0x19, 0x84,
  0x0A, 0x85, 0x82, 0x1C, 0x85, 0x1E, 0x85, 0x19, 0x19, 0x84, 0x0B, 0x82, 0x19, 0x84, 0x0A, 0x85,
  0x82, 0x1E, 0x85, 0x19, 0x19, 0x84, 0x0A, 0x85, 0x82, 0x1C, 0x85, 0x1E, 0x85, 0x19, 0x19, 0x84,
  0x0A, 0x85, 0x82, 0x1C, 0x85, 0x1E, 0x85, 0x19, 0x19, 0x84, 0x0A, 0x85, 0x82, 0x1C, 0x85, 0x1E,
  0x85, 0x19, 0x19, 0x84, 0x0A, 0x85, 0x82, 0x1C, 0x85, 0x1E, 0x85, 0x19, 0x19, 0x84, 0x0A, 0x85,
  0x82, 0x1C, 0x85, 0x1E, 0x85, 0x19, 0x19, 0x84, 0x0A, 0x85, 0x82, 0x1C, 0x85, 0x1E, 0x85, 0x19,
  0x19, 0x84, 0x0A, 0x85, 0x82, 0x1C, 0x85, 0x1E, 0x85, 0x19, 0x19, 0x84, 0x0B, 0x82, 0x19, 0x84,
  0x0A, 0x85, 0x82, 0x1E, 0x85, 0x19, 0x19, 0x84, 0x0A, 0x85, 0x82, 0x1F, 0x1D, 0x1F, 0x84, 0x0B,
  0x82, 0x1F, 0x1F, 0x84, 0x0A, 0x85, 0x82, 0x1C, 0x85, 0xFF, 0x20, 0x05, 0xDD, 0xFF, 0x20, 0xDB,
  0xDC, 0xFF, 0x20, 0x05, 0xDD, 0x1E, 0x85, 0x19, 0x19, 0x84, 0x0A, 0x85, 0x82, 0x1C, 0x85, 0x1E,
  0x85, 0x19, 0x19, 0x84, 0x0B, 0x82, 0x19, 0x84, 0x0A, 0x85, 0x82, 0x1E, 0x85, 0x19, 0x19, 0x84,
  0x0A, 0x85, 0x82, 0x1F, 0x1D, 0x1F, 0x1D, 0x84, 0x0B, 0x0B, 0x0A, 0x85, 0x08, 0x85, 0xFF, 0x20,
  0xB2, 0xDC, 0xFF, 0x20, 0x2D, 0xDD, 0xFF, 0x20, 0x05, 0xDD, 0xFF, 0x20, 0x65, 0xDD, 0x82, 0x1E,
  0x85, 0x19, 0x19, 0x84, 0x0A, 0x85, 0x82, 0x1C, 0x85, 0x1E, 0x85, 0x19, 0x19, 0x84, 0x0A, 0x85,
  0x82, 0x1C, 0x85, 0x1E, 0x85, 0x19, 0x19, 0x84, 0x0A, 0x85, 0x82, 0x1C, 0x85, 0x1F, 0x84, 0x0B,
  0x82, 0x19, 0x19, 0x84, 0x0A, 0x85, 0x82, 0x1F, 0x18, 0x81, 0xFF, 0x20, 0x2D, 0xDD, 0x1E, 0x85,
  0x19, 0x19, 0x84, 0x0A, 0x85, 0x82, 0x1C, 0x85, 0x1E, 0x85, 0x19, 0x19, 0x84, 0x0A, 0x85, 0x82,
  0x1C, 0x85, 0x1E, 0x85, 0x19, 0x19, 0x84, 0x0A, 0x85, 0x82, 0x1C, 0x85, 0x1F, 0x84, 0x0B, 0x82,
  0x19, 0x19, 0x84, 0x0A, 0x85, 0x82, 0x1F, 0x18, 0x81, 0xFF, 0x20, 0x2D, 0xDD, 0xFF, 0x21, 0xCE,
  0xDD, 0xFF, 0x20, 0x2D, 0xDD, 0xFF, 0x21, 0xCE, 0xDD, 0xFF, 0x20, 0x65, 0xDD, 0xFF, 0x21, 0x9E,
  0xDD, 0xFF, 0x20, 0x2D, 0xDD, 0xFF, 0x21, 0xCE, 0xDD, 0xFF, 0x20, 0x65, 0xDD, 0x08, 0x85, 0x86,
  0x16, 0x85, 0x82, 0x18, 0x85, 0x18, 0x85, 0x1C, 0x85, 0x18, 0x85, 0x84, 0x0B, 0x82, 0x19, 0x1F,
  0x18, 0x81, 0x1F, 0x1D, 0x19, 0x19, 0x84, 0x0A, 0x85, 0x82, 0x1C, 0x85, 0x1F, 0x1D, 0x19, 0x19,
  0x84, 0x0A, 0x85, 0x82, 0x1C, 0x85, 0x1F, 0x1D, 0x19, 0x19, 0x84, 0x0A, 0x85, 0x82, 0x1C, 0x85,
  0x1F, 0x1D, 0x19, 0x19, 0x84, 0x0A, 0x85, 0x82, 0x1C, 0x85, 0x1F, 0x1D, 0x19, 0x19, 0x84, 0x0A,
  0x85, 0x82, 0x1C, 0x85, 0x1F, 0x1D, 0x19, 0x19, 0x84, 0x0A, 0x85, 0x82, 0x1C, 0x85, 0x1F, 0x1D,
  0x19, 0x19, 0x84, 0x0A, 0x85, 0x82, 0x1C, 0x85, 0x1F, 0x84, 0x0B, 0x82, 0x19, 0x19, 0x84, 0x0A,
  0x85, 0x82, 0x1F, 0x1C, 0x81, 0xFF, 0x20, 0x32, 0xDE, 0x1F, 0x1D, 0x19, 0x19, 0x84, 0x0A, 0x85,
  0x82, 0x1C, 0x85, 0x1F, 0x1D, 0x19, 0x19, 0x84, 0x0B, 0x82, 0x19, 0x84, 0x0A, 0x85, 0x82, 0x1F,
  0x1D, 0x19, 0x19, 0x84, 0x0A, 0x85, 0x82, 0x1F, 0x1D, 0x1F, 0x84, 0x0B, 0x82, 0x1F, 0x1F, 0x84,
  0x0A, 0x85, 0x82, 0x1D, 0x84, 0x0A, 0x81, 0x82, 0x1F, 0x1D, 0x19, 0x19, 0x84, 0x0A, 0x85, 0x82,
  0x1C, 0x85, 0x1F, 0x1D, 0x19, 0x19, 0x84, 0x0A, 0x85, 0x82, 0x1C, 0x85, 0x1F, 0x1D, 0x19, 0x19,
  0x84, 0x0A, 0x85, 0x82, 0x1C, 0x85, 0x1F, 0x1D, 0x19, 0x19, 0x84, 0x0A, 0x85, 0x82, 0x1C, 0x85,
  0xFF, 0x21, 0x5A, 0xDE, 0xFF, 0x21, 0xCE, 0xDD, 0x1F, 0x1D, 0x19, 0x19, 0x84, 0x0A, 0x85, 0x82,
  0x1C, 0x85, 0x1F, 0x1D, 0x19, 0x19, 0x84, 0x0B, 0x82, 0x19, 0x84, 0x0A, 0x85, 0x86, 0x16, 0x85,
  0x82, 0x18, 0x85, 0x84, 0x0A, 0x85, 0x82, 0x18, 0x85, 0x84, 0x0A, 0x85, 0x82, 0x18, 0x85, 0x84,
  0x0A, 0x85, 0x0B, 0x82, 0x1C, 0x81, 0xFF, 0x20, 0x32, 0xDE, 0xFF, 0x21, 0x5A, 0xDE, 0xFF, 0x21,
  0xCE, 0xDD, 0xFF, 0x21, 0x5A, 0xDE, 0xFF, 0x20, 0x32, 0xDE, 0xFF, 0x21, 0x5A, 0xDE, 0xFF, 0x21,
  0xCE, 0xDD, 0xFF, 0x21, 0x5A, 0xDE, 0xFF, 0x20, 0x32, 0xDE, 0xFF, 0x21, 0x5A, 0xDE, 0xFF, 0x21,
  0xCE, 0xDD, 0xFF, 0x21, 0xE8, 0xDE, 0xFD, 0xB2, 0xDC, 0xFB, 0x03, 0xFB, 0x06, 0x83, 0xFB, 0x03,
  0x83, 0xFB, 0x06, 0x83, 0xFB, 0x03, 0x83, 0xFB, 0x06, 0x83, 0xFB, 0x03, 0x83, 0xFB, 0x06, 0x83,
  0xFB, 0x03, 0x83, 0xFB, 0x06, 0x83, 0xFB, 0x03, 0x83, 0xFB, 0x06, 0x83, 0xFB, 0x03, 0x83, 0xFB,
  0x06, 0x03, 0xFB, 0x03, 0x83, 0xFB, 0x06, 0x03, 0xFB, 0x03, 0x83, 0xFB, 0x06, 0x03, 0xFB, 0x03,
  0x83, 0xFB, 0x06, 0x83, 0xFB, 0x03, 0x83, 0xFB, 0x06, 0x03, 0xFB, 0x03, 0x83, 0xFB, 0x06, 0x83,
  0xFB, 0x03, 0x83, 0xFB, 0x06, 0x83, 0xFB, 0x03, 0x83, 0xFB, 0x06, 0x83, 0xFB, 0x03, 0x83, 0xFB,
  0x06, 0x03, 0xFB, 0x03, 0x83, 0xFB, 0x06, 0x83, 0xFB, 0x03, 0x83, 0xFB, 0x06, 0x03, 0xFB, 0x03,
  0x83, 0xFB, 0x06, 0x83, 0xFB, 0x03, 0x83, 0xFB, 0x06, 0x03, 0xFB, 0x03, 0x83, 0xFB, 0x06, 0x83,
  0xFB, 0x03, 0x83, 0xFB, 0x06, 0x83, 0xFB, 0x03, 0x83, 0xFB, 0x06, 0x83, 0xFB, 0x03, 0x83, 0xFB,
  0x06, 0x03, 0xFB, 0x03, 0x83, 0xFB, 0x06, 0x83, 0xFB, 0x03, 0x83, 0xFB, 0x06, 0x03, 0xFB, 0x03,
  0x83, 0xFB, 0x06, 0x83, 0xFB, 0x03, 0x83, 0xFB, 0x06, 0x03, 0xFB, 0x03, 0x83, 0xFB, 0x06, 0x83,
  0xFB, 0x03, 0x83, 0xFB, 0x06, 0x83, 0xFB, 0x03, 0x83, 0xFB, 0x06, 0x83, 0xFB, 0x03, 0x83, 0xFB,
  0x06, 0x03, 0xFB, 0x03, 0x83, 0xFB, 0x06, 0x03, 0xFB, 0x03, 0x83, 0xFB, 0x06, 0x03, 0xFB, 0x03,
  0x83, 0xFB, 0x06, 0x83, 0xFB, 0x03, 0x83, 0xFB, 0x06, 0x03, 0xFB, 0x03, 0x83, 0xFB, 0x06, 0x83,
  0xFB, 0x03, 0x83, 0xFB, 0x06, 0x83, 0xFB, 0x03, 0x83, 0xFB, 0x06, 0x83, 0xFB, 0x03, 0x83, 0xFB,
  0x06, 0x03, 0xFB, 0x03, 0x83, 0xFB, 0x06, 0x83, 0xFB, 0x03, 0x83, 0xFF, 0x20, 0x7B, 0xDF, 0xFF,
  0x20, 0xDB, 0xDF, 0xFF, 0x20, 0x7B, 0xDF, 0xFF, 0x20, 0xDB, 0xDF, 0xFF, 0x20, 0x7B, 0xDF, 0xFF,
  0x20, 0xDB, 0xDF, 0xFF, 0x20, 0x7B, 0xDF, 0xFF, 0x20, 0xDB, 0xDF, 0xFF, 0x20, 0x7B, 0xDF, 0xFF,
  0x20, 0xDB, 0xDF, 0xFF, 0x20, 0x7B, 0xDF, 0xFF, 0x20, 0xDB, 0xDF, 0xFF, 0x20, 0x7B, 0xDF, 0xFF,
  0x20, 0xDB, 0xDF, 0xFF, 0x20, 0x7B, 0xDF, 0xFF, 0x20, 0xDB, 0xDF, 0xFF, 0x20, 0x7B, 0xDF, 0xFF,
  0x20, 0xDB, 0xDF, 0xFF, 0x20, 0x7B, 0xDF, 0xFF, 0x20, 0xDB, 0xDF, 0xFF, 0x20, 0x7B, 0xDF, 0xFF,
  0x20, 0xDB, 0xDF, 0xFB, 0x06, 0x02, 0xFB, 0x03, 0x81, 0xFB, 0x06, 0x81, 0xFB, 0x03, 0x81, 0xFB,
  0x06, 0x02, 0xFB, 0x03, 0x81, 0xFB, 0x06, 0x81, 0xFB, 0x03, 0x81, 0xFB, 0x06, 0x81, 0xFB, 0x03,
  0x81, 0xFB, 0x06, 0x81, 0xFB, 0x03, 0x81, 0xFB, 0x06, 0x81, 0xFB, 0x03, 0x81, 0xFB, 0x06, 0x81,
  0xFB, 0x03, 0x81, 0xFB, 0x06, 0x02, 0xFB, 0x03, 0x81, 0xFB, 0x06, 0x81, 0xFB, 0x03, 0x81, 0xFB,
  0x06, 0x81, 0xFB, 0x03, 0x81, 0xFB, 0x06, 0x81, 0xFB, 0x03, 0x81, 0xFB, 0x06, 0x02, 0xFB, 0x03,
  0x81, 0xFB, 0x06, 0x81, 0xFB, 0x03, 0x81, 0xFB, 0x06, 0x02, 0xFB, 0x03, 0x81, 0xFB, 0x06, 0x81,
  0xFB, 0x03, 0x81, 0xFB, 0x06, 0x02, 0xFB, 0x03, 0x81, 0xFB, 0x06, 0x81, 0xFB, 0x03, 0x81, 0xFB,
  0x06, 0x81, 0xFB, 0x03, 0x81, 0xFB, 0x06, 0x81, 0xFB, 0x03, 0x81, 0xFB, 0x06, 0x02, 0xFB, 0x03,
  0x81, 0xFB, 0x06, 0x81, 0xFB, 0x03, 0x81, 0xFB, 0x06, 0x81, 0xFB, 0x03, 0x81, 0xFB, 0x06, 0x81,
  0xFB, 0x03, 0x81, 0xFB, 0x06, 0x81, 0xFB, 0x03, 0x81, 0xFB, 0x06, 0x81, 0xFB, 0x03, 0x81, 0xFB,
  0x06, 0x81, 0xFB, 0x03, 0x81, 0xFB, 0x06, 0x81, 0xFB, 0x03, 0x81, 0xFB, 0x06, 0x02, 0xFB, 0x03,
  0x81, 0xFB, 0x06, 0x81, 0xFB, 0x03, 0x81, 0xFB, 0x06, 0x81, 0xFB, 0x03, 0x81, 0xFB, 0x06, 0x81,
  0xFB, 0x03, 0x81, 0xFB, 0x06, 0x02, 0xFB, 0x03, 0x81, 0xFB, 0x06, 0x81, 0xFB, 0x03, 0x81, 0xFB,
  0x06, 0x81, 0xFB, 0x03, 0x81, 0xFB, 0x06, 0x81, 0xFB, 0x03, 0x81, 0xFB, 0x06, 0x02, 0xFB, 0x03,
  0x81, 0xFB, 0x06, 0x81, 0xFB, 0x03, 0x81, 0xFB, 0x06, 0x81, 0xFB, 0x03, 0x81, 0xFB, 0x06, 0x81,
  0xFB, 0x03, 0x81, 0xFB, 0x06, 0x81, 0xFB, 0x03, 0x81, 0xFB, 0x06, 0x81, 0xFB, 0x03, 0x81, 0xFB,
  0x06, 0x81, 0xFB, 0x03, 0x81, 0xFB, 0x06, 0x81, 0xFB, 0x03, 0x81, 0xFB, 0x06, 0x02, 0xFB, 0x03,
  0x81, 0xFB, 0x06, 0x81, 0xFB, 0x03, 0x81, 0xFB, 0x06, 0x81, 0xFB, 0x03, 0x81, 0xFB, 0x06, 0x81,
  0xFB, 0x03, 0x81, 0xFF, 0x40, 0xF3, 0xE0, 0xFF, 0x40, 0xF3, 0xE0, 0xFF, 0x40, 0xF3, 0xE0, 0xFF,
  0x40, 0xF3, 0xE0, 0xFF, 0x40, 0xF3, 0xE0, 0xFF, 0x40, 0xF3, 0xE0, 0xFF, 0x40, 0xF3, 0xE0, 0xFF,
  0x40, 0xF3, 0xE0, 0xFF, 0x40, 0xF3, 0xE0, 0xFF, 0x40, 0xF3, 0xE0, 0xFF, 0x40, 0xF3, 0xE0, 0xFF,
  0x40, 0xF3, 0xE0, 0xFF, 0x40, 0xF3, 0xE0, 0xFF, 0x40, 0xF3, 0xE0, 0xFB, 0x06, 0x02, 0xFB, 0x03,
  0x81, 0xFB, 0x06, 0x81, 0xFB, 0x03, 0x81, 0xFB, 0x06, 0x81, 0xFB, 0x03, 0x81, 0xFB, 0x06, 0x81,
  0xFB, 0x03, 0x81, 0xFB, 0x06, 0x02, 0xFB, 0x03, 0x81, 0xFB, 0x06, 0x81, 0xFB, 0x03, 0x81, 0xFB,
  0x06, 0x81, 0xFB, 0x03, 0x81, 0xFB, 0x06, 0x81, 0xFB, 0x03, 0x81, 0xFB, 0x06, 0x81, 0xFB, 0x03,
  0x81, 0xFB, 0x06, 0x81, 0xFB, 0x03, 0x81, 0xFB, 0x06, 0x81, 0xFB, 0x03, 0x81, 0xFB, 0x06, 0x81,
  0xFB, 0x03, 0x81, 0xFB, 0x06, 0x02, 0xFB, 0x03, 0x81, 0xFB, 0x06, 0x81, 0xFB, 0x03, 0x81, 0xFB,
  0x06, 0x02, 0xFB, 0x03, 0x81, 0xFB, 0x06, 0x81, 0xFB, 0x03, 0x81, 0xFB, 0x06, 0x02, 0xFB, 0x03,
  0x81, 0xFB, 0x06, 0x81, 0xFB, 0x03, 0x81, 0xFB, 0x06, 0x81, 0xFB, 0x03, 0x81, 0xFB, 0x06, 0x81,
  0xFB, 0x03, 0x81, 0xFB, 0x06, 0x02, 0xFB, 0x03, 0x81, 0xFB, 0x06, 0x81, 0xFB, 0x03, 0x81, 0xFB,
  0x06, 0x81, 0xFB, 0x03, 0x81, 0xFB, 0x06, 0x81, 0xFB, 0x03, 0x81, 0xFB, 0x06, 0x02, 0xFB, 0x03,
  0x81, 0xFB, 0x06, 0x81, 0xFB, 0x03, 0x81, 0xFB, 0x06, 0x81, 0xFB, 0x03, 0x81, 0xFB, 0x06, 0x81,
  0xFB, 0x03, 0x81, 0xFB, 0x06, 0x02, 0xFB, 0x03, 0x81, 0xFB, 0x06, 0x81, 0xFB, 0x03, 0x81, 0xFB,
  0x06, 0x81, 0xFB, 0x03, 0x81, 0xFB, 0x06, 0x81, 0xFB, 0x03, 0x81, 0xFF, 0x40, 0xF3, 0xE0, 0xFF,
  0x40, 0xF3, 0xE0, 0xFF, 0x40, 0xF3, 0xE0, 0xFB, 0x06, 0x02, 0xFB, 0x03, 0x81, 0xFB, 0x06, 0x81,
  0xFB, 0x03, 0x81, 0xFB, 0x06, 0x81, 0xFB, 0x03, 0x81, 0xFB, 0x06, 0x81, 0xFB, 0x03, 0x81, 0xFB,
  0x06, 0x02, 0xFB, 0x03, 0x81, 0xFB, 0x06, 0x81, 0xFB, 0x03, 0x81, 0xFB, 0x06, 0x81, 0xFB, 0x03,
  0x81, 0xFB, 0x06, 0x81, 0xFB, 0x03, 0x81, 0xFB, 0x06, 0x81, 0xFB, 0x03, 0x81, 0xFB, 0x06, 0x81,
  0xFB, 0x03, 0x81, 0xFB, 0x06, 0x81, 0xFB, 0x03, 0x81, 0xFB, 0x06, 0x81, 0xFB, 0x03, 0x81, 0xFB,
  0x06, 0x02, 0xFB, 0x03, 0x81, 0xFB, 0x06, 0x81, 0xFB, 0x03, 0x81, 0xFB, 0x06, 0x02, 0xFB, 0x03,
  0x81, 0xFB, 0x06, 0x81, 0xFB, 0x03, 0x81, 0xFB, 0x06, 0x02, 0xFB, 0x03, 0x81, 0xFB, 0x06, 0x81,
  0xFB, 0x03, 0x81, 0xFB, 0x06, 0x81, 0xFB, 0x03, 0x81, 0xFB, 0x06, 0x81, 0xFB, 0x03, 0x81, 0xFB,
  0x06, 0x02, 0xFB, 0x03, 0x81, 0xFB, 0x06, 0x81, 0xFB, 0x03, 0x81, 0xFB, 0x06, 0x81, 0xFB, 0x03,
  0x81, 0xFB, 0x06, 0x81, 0xFB, 0x03, 0x81, 0xFB, 0x06, 0x02, 0xFB, 0x03, 0x81, 0xFB, 0x06, 0x81,
  0xFB, 0x03, 0x81, 0xFB, 0x06, 0x83, 0xFB, 0x03, 0x83, 0xFB, 0x06, 0x03, 0xFB, 0x03, 0x83, 0xFB,
  0x06, 0x83, 0xFB, 0x03, 0x83, 0xFD, 0x7B, 0xDF, 0x00, 0x9D, 0x9F, 0x9F, 0x9F, 0xFD, 0x68, 0xE3,
  0x00, 0x9D, 0x9F, 0x9F, 0x9F, 0xFD, 0x70, 0xE3, 0x00, 0x9D, 0x8F, 0x80, 0x2D, 0x15, 0x00, 0x85,
  0x9F, 0x8F, 0x2D, 0x00, 0x10, 0x87, 0xFD, 0x78, 0xE3, 0x82, 0x1E, 0x85, 0x18, 0x85, 0x84, 0x0A,
  0x85, 0x82, 0x1C, 0x85, 0x1E, 0x85, 0x18, 0x85, 0x84, 0x0A, 0x85, 0x82, 0x1D, 0x1C, 0x81, 0x1E,
  0x85, 0x18, 0x85, 0x84, 0x0A, 0x85, 0x82, 0x1C, 0x85, 0xFF, 0x09, 0x94, 0xE3, 0xFD, 0x89, 0xE3,
  0xFB, 0x06, 0xFB, 0x06, 0x83, 0xFB, 0x03, 0x83, 0xFB, 0x06, 0x83, 0xFB, 0x03, 0x83, 0xFB, 0x06,
  0x03, 0xFB, 0x03, 0x83, 0xFB, 0x06, 0x83, 0xFB, 0x03, 0x83, 0xFF, 0x08, 0xB2, 0xE3, 0xFF, 0x08,
  0xB2, 0xE3, 0xFF, 0x08, 0xB2, 0xE3, 0xFD, 0xB2, 0xE3, 0xF9, 0xE3, 0xAC, 0xE5, 0x0A, 0xE4, 0xBD,
  0xE5, 0x23, 0xE4, 0xD6, 0xE5, 0x45, 0xE4, 0xF8, 0xE5, 0x67, 0xE4, 0x1A, 0xE6, 0x74, 0xE4, 0x27,
  0xE6, 0xD8, 0xE4, 0x89, 0xE6, 0x14, 0xE5, 0xBF, 0xE6, 0x83, 0xB4, 0x84, 0xFB, 0x85, 0x01, 0x02,
  0x83, 0xB2, 0x84, 0xFD, 0x85, 0x00, 0x02, 0x83, 0x30, 0x00, 0x83, 0xB4, 0x84, 0xFD, 0x85, 0x00,
  0x02, 0x83, 0xB2, 0x84, 0x7E, 0x02, 0x83, 0x30, 0x02, 0x83, 0xB1, 0x84, 0xFB, 0x85, 0x01, 0x02,
  0x83, 0x30, 0x00, 0x83, 0xF4, 0x84, 0x7E, 0x85, 0x00, 0x03, 0x83, 0x30, 0x03, 0x83, 0xB5, 0x84,
  0xFD, 0x03, 0x83, 0x30, 0x03, 0x83, 0xF2, 0x84, 0x7E, 0x03, 0x83, 0x30, 0x03, 0x83, 0xB1, 0x84,
  0xFD, 0x03, 0x83, 0x30, 0x00, 0x83, 0xB4, 0x84, 0xFD, 0x85, 0x00, 0x03, 0x83, 0x30, 0x03, 0x83,
  0xF4, 0x84, 0x7E, 0x03, 0x83, 0x30, 0x03, 0x83, 0xB2, 0x84, 0xFD, 0x03, 0x83, 0x30, 0x03, 0x83,
  0xF1, 0x84, 0x7E, 0x03, 0x83, 0x30, 0x00, 0x83, 0xF3, 0x84, 0x7E, 0x85, 0x00, 0x02, 0x83, 0xB1,
  0x02, 0x83, 0x30, 0x00, 0x83, 0xB5, 0x84, 0xFD, 0x85, 0x00, 0x03, 0x83, 0xB1, 0x03, 0x83, 0xF6,
  0x03, 0x83, 0xF1, 0x03, 0x83, 0xB6, 0x84, 0x7E, 0x03, 0x83, 0xB2, 0x03, 0x80, 0xB2, 0x81, 0xC9,
  0x82, 0x00, 0x83, 0xF4, 0x08, 0x83, 0xF3, 0x08, 0x83, 0xF2, 0x02, 0x81, 0xC6, 0x01, 0x81, 0xC5,
  0x02, 0x81, 0xC8, 0x01, 0x81, 0xCA, 0x01, 0x81, 0xCD, 0x01, 0x80, 0xB1, 0x83, 0xF1, 0x01, 0x81,
  0xCC, 0x01, 0x81, 0xC9, 0x01, 0x81, 0xC7, 0x01, 0x81, 0xC5, 0x02, 0x81, 0xC8, 0x01, 0x81, 0xC9,
  0x01, 0x81, 0xCC, 0x83, 0x30, 0x01, 0x81, 0xCD, 0x01, 0x81, 0xCC, 0x01, 0x81, 0xC9, 0x01, 0x81,
  0xC7, 0x01, 0x81, 0xC5, 0x02, 0x80, 0x30, 0x00, 0x83, 0xF3, 0x84, 0xFA, 0x85, 0x00, 0x01, 0x84,
  0xF7, 0x01, 0x84, 0xF4, 0x01, 0x83, 0xF1, 0x84, 0xF1, 0x01, 0x84, 0xEE, 0x01, 0x84, 0xEB, 0x01,
  0x83, 0xF5, 0x84, 0x7B, 0x01, 0x84, 0x78, 0x01, 0x84, 0x75, 0x01, 0x83, 0xF2, 0x84, 0x72, 0x01,
  0x84, 0x6F, 0x01, 0x84, 0x6C, 0x01, 0x84, 0x69, 0x01, 0x83, 0xF1, 0x84, 0x66, 0x01, 0x84, 0x63,
  0x01, 0x83, 0x30, 0x00, 0x80, 0xB2, 0x81, 0xC9, 0x82, 0x00, 0x83, 0xB5, 0x84, 0xFD, 0x85, 0x00,
  0x03, 0x83, 0xB1, 0x03, 0x83, 0xF6, 0x03, 0x83, 0xF1, 0x03, 0x80, 0xB1, 0x83, 0xB6, 0x84, 0x1A,
  0x85, 0x02, 0x03, 0x80, 0xB2, 0x81, 0xD5, 0x83, 0xB2, 0x03, 0x83, 0xF5, 0x03, 0x83, 0xF1, 0x03,
  0x83, 0xB6, 0x84, 0x74, 0x85, 0x04, 0x03, 0x80, 0xB1, 0x83, 0xB2, 0x03, 0x80, 0xB2, 0x81, 0xE1,
  0x83, 0xF6, 0x0C, 0x83, 0xF5, 0x03, 0x81, 0xDE, 0x01, 0x81, 0xDD, 0x02, 0x81, 0xE0, 0x01, 0x81,
  0xE2, 0x01, 0x81, 0xE5, 0x83, 0xF4, 0x02, 0x81, 0xE4, 0x01, 0x81, 0xE1, 0x01, 0x81, 0xDF, 0x01,
  0x81, 0xDD, 0x02, 0x80, 0xB1, 0x81, 0xE0, 0x01, 0x81, 0xE1, 0x83, 0xF3, 0x01, 0x81, 0xE4, 0x01,
  0x81, 0xE5, 0x01, 0x81, 0xE4, 0x01, 0x81, 0xE1, 0x01, 0x81, 0xDF, 0x01, 0x81, 0xDD, 0x02, 0x81,
  0xDF, 0x83, 0xF2, 0x01, 0x81, 0xE1, 0x01, 0x81, 0xE4, 0x01, 0x81, 0xE5, 0x01, 0x81, 0xE4, 0x01,
  0x81, 0xE1, 0x01, 0x80, 0x30, 0x02, 0x83, 0xF1, 0x04, 0x83, 0x30, 0x00, 0x83, 0xB4, 0x84, 0xD7,
  0x85, 0x01, 0x02, 0x83, 0xB2, 0x84, 0xEB, 0x85, 0x00, 0x02, 0x83, 0x30, 0x00, 0x83, 0xB4, 0x84,
  0xEB, 0x85, 0x00, 0x02, 0x83, 0xB2, 0x84, 0x75, 0x02, 0x83, 0x30, 0x01, 0x83, 0xB1, 0x84, 0xD7,
  0x85, 0x01, 0x02, 0x83, 0x30, 0x00, 0x83, 0xF4, 0x84, 0x75, 0x85, 0x00, 0x03, 0x83, 0x30, 0x02,
  0x83, 0xB5, 0x84, 0xEB, 0x03, 0x83, 0x30, 0x02, 0x83, 0xF2, 0x84, 0x75, 0x03, 0x83, 0x30, 0x02,
  0x83, 0xB1, 0x84, 0xEB, 0x03, 0x83, 0x30, 0x00, 0x83, 0xB4, 0x84, 0xEB, 0x85, 0x00, 0x03, 0x83,
  0x30, 0x02, 0x83, 0xF4, 0x84, 0x75, 0x03, 0x83, 0x30, 0x02, 0x83, 0xB2, 0x84, 0xEB, 0x03, 0x83,
  0x30, 0x02, 0x83, 0xF1, 0x84, 0x75, 0x03, 0x83, 0x30, 0x00, 0x83, 0xF3, 0x84, 0x75, 0x85, 0x00,
  0x02, 0x83, 0xB1, 0x02, 0x83, 0x30, 0x00, 0x83, 0xB5, 0x84, 0xEB, 0x85, 0x00, 0x03, 0x83, 0xB1,
  0x02, 0x83, 0xF6, 0x03, 0x83, 0xF1, 0x02, 0x83, 0xB6, 0x84, 0x75, 0x03, 0x83, 0xB2, 0x02, 0x80,
  0xB2, 0x81, 0xBA, 0x82, 0x00, 0x83, 0xF4, 0x08, 0x83, 0xF3, 0x07, 0x81, 0xB7, 0x01, 0x81, 0xB6,
  0x83, 0xF2, 0x02, 0x81, 0xB9, 0x01, 0x81, 0xBB, 0x01, 0x80, 0xB1, 0x81, 0xBE, 0x02, 0x81, 0xBD,
  0x01, 0x81, 0xBA, 0x01, 0x81, 0xB8, 0x83, 0xF1, 0x01, 0x81, 0xB6, 0x02, 0x81, 0xB9, 0x01, 0x81,
  0xBA, 0x01, 0x81, 0xBD, 0x01, 0x81, 0xBE, 0x01, 0x81, 0xBD, 0x01, 0x81, 0xBA, 0x83, 0x30, 0x01,
  0x81, 0xB8, 0x01, 0x81, 0xB6, 0x01, 0x80, 0x30, 0x00, 0x83, 0xF3, 0x84, 0xE8, 0x85, 0x00, 0x01,
  0x84, 0xE5, 0x01, 0x84, 0xE2, 0x01, 0x83, 0xF1, 0x84, 0xDF, 0x01, 0x84, 0xDC, 0x01, 0x83, 0xF5,
  0x84, 0x72, 0x01, 0x84, 0x6F, 0x01, 0x84, 0x6C, 0x01, 0x83, 0xF2, 0x84, 0x69, 0x01, 0x84, 0x66,
  0x01, 0x84, 0x63, 0x01, 0x83, 0xF1, 0x84, 0x60, 0x01, 0x84, 0x5D, 0x01, 0x83, 0x30, 0x00, 0x80,
  0xB2, 0x81, 0xBA, 0x82, 0x00, 0x83, 0xB5, 0x84, 0xEB, 0x85, 0x00, 0x03, 0x83, 0xB1, 0x02, 0x83,
  0xF6, 0x03, 0x83, 0xF1, 0x02, 0x80, 0xB1, 0x83, 0xB6, 0x84, 0xF3, 0x85, 0x01, 0x03, 0x80, 0xB2,
  0x81, 0xC6, 0x83, 0xB2, 0x02, 0x83, 0xF5, 0x03, 0x83, 0xF1, 0x02, 0x83, 0xB6, 0x84, 0x23, 0x85,
  0x04, 0x03, 0x80, 0xB1, 0x83, 0xB2, 0x02, 0x80, 0xB2, 0x81, 0xD1, 0x83, 0xF6, 0x0A, 0x83, 0xF5,
  0x03, 0x81, 0xCE, 0x01, 0x81, 0xCD, 0x02, 0x81, 0xD0, 0x01, 0x81, 0xD2, 0x01, 0x81, 0xD5, 0x83,
  0xF4, 0x02, 0x81, 0xD4, 0x01, 0x81, 0xD1, 0x01, 0x81, 0xCF, 0x01, 0x80, 0xB1, 0x81, 0xCD, 0x02,
  0x81, 0xD0, 0x01, 0x81, 0xD1, 0x83, 0xF3, 0x01, 0x81, 0xD4, 0x01, 0x81, 0xD5, 0x01, 0x81, 0xD4,
  0x01, 0x81, 0xD1, 0x01, 0x81, 0xCF, 0x01, 0x81, 0xCD, 0x02, 0x81, 0xCF, 0x83, 0xF2, 0x01, 0x81,
  0xD1, 0x01, 0x81, 0xD4, 0x01, 0x81, 0xD5, 0x01, 0x80, 0x30, 0x02, 0x83, 0x30, 0x00, 0x5C, 0xE7,
  0x66, 0xE7, 0x80, 0xE7, 0x94, 0xE7, 0xAE, 0xE7, 0xC8, 0xE7, 0xE2, 0xE7, 0x04, 0x12, 0x07, 0x92,
  0x20, 0x60, 0x80, 0x20, 0x60, 0x81, 0x02, 0xBC, 0x14, 0x50, 0x02, 0x14, 0x70, 0x03, 0x54, 0x90,
  0x03, 0x54, 0xB0, 0x02, 0xA4, 0x50, 0x02, 0xA4, 0x70, 0x03, 0xE4, 0x90, 0x03, 0xE4, 0xB0, 0x82,
  0x02, 0xBC, 0x18, 0x20, 0x04, 0x18, 0x40, 0x05, 0x18, 0x60, 0x06, 0x18, 0x80, 0x07, 0x18, 0xA0,
  0x08, 0x18, 0xC0, 0x89, 0x02, 0xBC, 0x18, 0x00, 0x0A, 0x18, 0x20, 0x0B, 0x18, 0x40, 0x0C, 0x18,
  0x60, 0x0D, 0x18, 0x80, 0x0E, 0x18, 0xA0, 0x0F, 0x18, 0xC0, 0x10, 0x18, 0xE0, 0x89, 0x02, 0xBC,
  0x18, 0x00, 0x11, 0x18, 0x20, 0x12, 0x18, 0x40, 0x13, 0x18, 0x60, 0x14, 0x18, 0x80, 0x15, 0x18,
  0xA0, 0x16, 0x18, 0xC0, 0x17, 0x18, 0xE0, 0x89, 0x02, 0xBC, 0x18, 0x00, 0x18, 0x18, 0x20, 0x19,
  0x18, 0x40, 0x1A, 0x18, 0x60, 0x1B, 0x18, 0x80, 0x1C, 0x18, 0xA0, 0x1D, 0x18, 0xC0, 0x1E, 0x18,
  0xE0, 0x89, 0x02, 0xBC, 0x18, 0x00, 0x18, 0x18, 0x20, 0x19, 0x18, 0x40, 0x1A, 0x18, 0x60, 0x1F,
  0x18, 0x80, 0x20, 0x18, 0xA0, 0x21, 0x18, 0xC0, 0x10, 0x18, 0xE0, 0xA2, 0x68, 0xED, 0xF6, 0xEA,
  0xA7, 0xF0, 0x08, 0xE8, 0xAB, 0xEF, 0x4E, 0xE7, 0x7B, 0xBA, 0x00, 0x07, 0x00, 0xC0, 0x0F, 0x08,
  0x08, 0x00, 0x30, 0x10, 0x03, 0x3F, 0x38, 0x2D, 0x40, 0x00, 0x3F, 0x87, 0x80, 0x10, 0x08, 0xFF,
  0x97, 0x90, 0x07, 0x0F, 0x0A, 0x0E, 0x04, 0x00, 0x01, 0x98, 0x90, 0xF0, 0xF8, 0x38, 0x38, 0x60,
  0x38, 0x78, 0xF0, 0xE0, 0xFC, 0xB7, 0xB0, 0x98, 0x78, 0x03, 0x21, 0x9B, 0x98, 0x0E, 0x0F, 0x0F,
  0x00, 0x98, 0x90, 0xC0, 0x80, 0x11, 0x03, 0x00, 0xF8, 0xF8, 0x00, 0xD8, 0xB0, 0x00, 0x01, 0x03,
  0x20, 0x07, 0x0E, 0x1C, 0x3F, 0x3F, 0xA9, 0xA0, 0xF0, 0xF0, 0xF8, 0x70, 0x70, 0x70, 0xB8, 0xB0,
  0x19, 0xF6, 0x60, 0x59, 0x98, 0x90, 0x2E, 0x2B, 0x03, 0x6C, 0x68, 0x18, 0xEF, 0x07, 0x0F, 0x1C,
  0x18, 0x1C, 0x0F, 0x04, 0x07, 0x0F, 0xA8, 0xA0, 0xE0, 0xF0, 0x38, 0x18, 0x38, 0x08, 0xF0, 0xE0,
  0xF0, 0xD8, 0xB0, 0x1C, 0x38, 0x38, 0x38, 0xC3, 0x9F, 0x9C, 0xE8, 0xDF, 0x38, 0x1C, 0x1C, 0x1C,
  0xAF, 0xAC, 0x0B, 0xEF, 0x04, 0xC1, 0xC1, 0x18, 0x0D, 0x3C, 0x7C, 0xFC, 0xFC, 0xDC, 0x03, 0xEC,
  0xE9, 0x28, 0x20, 0x3E, 0x7F, 0xF7, 0xE3, 0xE0, 0xE0, 0xE4, 0xFE, 0xFF, 0x3A, 0x30, 0x83, 0x83,
  0xD9, 0xBC, 0x5E, 0x58, 0x68, 0x5F, 0xD2, 0xE3, 0x6C, 0x68, 0x7F, 0x3E, 0x78, 0x6F, 0x83, 0x7C,
  0x78, 0x89, 0x7D, 0x03, 0x10, 0x0B, 0x98, 0x8E, 0xFC, 0xFE, 0xCE, 0x0E, 0x0E, 0x0E, 0x04, 0x7C,
  0x7C, 0xA8, 0xA0, 0x3F, 0x7F, 0x73, 0x03, 0x03, 0xF8, 0x07, 0x0F, 0x1E, 0xB9, 0xB0, 0x7F, 0x78,
  0xCC, 0xC0, 0x0F, 0x0B, 0xD8, 0xD0, 0x21, 0x9E, 0x9B, 0x0E, 0xCE, 0xFE, 0xFC, 0xE8, 0xDF, 0x3C,
  0x78, 0xE0, 0x70, 0x70, 0x70, 0x7F, 0x7F, 0xFD, 0xEF, 0x3D, 0x3A, 0x8B, 0x80, 0x03, 0x0E, 0x09,
  0x9A, 0x90, 0x86, 0x86, 0x80, 0x80, 0xFC, 0xFE, 0x01, 0x28, 0x20, 0x06, 0x0E, 0x1E, 0x36, 0x66,
  0x66, 0x7F, 0xBE, 0x7F, 0xFD, 0xF0, 0xBB, 0xB8, 0x48, 0x40, 0x0F, 0x09, 0x58, 0x4E, 0x86, 0x5C,
  0x58, 0x1D, 0xE8, 0xDD, 0x06, 0x6E, 0x68, 0xFD, 0xEF, 0x88, 0x7D, 0xC1, 0xC3, 0xC7, 0x02, 0xC7,
  0x18, 0x0C, 0x8F, 0x9F, 0x98, 0x80, 0x80, 0x81, 0x04, 0x83, 0x87, 0xA8, 0xA0, 0x87, 0xCF, 0xCC,
  0xCC, 0xCC, 0x08, 0xC7, 0x8F, 0x0C, 0xB8, 0xB0, 0xC3, 0xE3, 0x63, 0x63, 0x16, 0x63, 0xBB, 0xB8,
  0x4E, 0x40, 0xC1, 0xD8, 0xCF, 0x8E, 0x9C, 0x98, 0x50, 0x98, 0x98, 0x9F, 0x9F, 0xE8, 0xDF, 0x0C,
  0xEC, 0xE8, 0xCF, 0x86, 0xC7, 0xF8, 0xEF, 0xBD, 0xBA, 0x63, 0x63, 0xE3, 0xC3, 0x08, 0xFF, 0x30,
  0xC3, 0xC7, 0xC6, 0xC0, 0x0E, 0x0B, 0x18, 0x0F, 0xE7, 0xF7, 0x20, 0x36, 0x36, 0x36, 0x77, 0xE7,
  0x58, 0x4F, 0xE7, 0xEF, 0xC9, 0xEE, 0xEA, 0xEF, 0x6C, 0xBB, 0xB0, 0x03, 0x03, 0xC8, 0xBD, 0x0B,
  0x08, 0x10, 0xC6, 0xC6, 0xC7, 0xC7, 0x58, 0x4F, 0x80, 0x00, 0x00, 0x50, 0x06, 0x06, 0xF7, 0xF3,
  0x68, 0x5F, 0x6C, 0x6C, 0x68, 0xEF, 0x05, 0x08, 0xEE, 0xC7, 0x58, 0x49, 0xF0, 0xF1, 0x03, 0x03,
  0x00, 0x88, 0xE0, 0xF0, 0x30, 0xA8, 0xA0, 0xC7, 0xCF, 0xCC, 0x10, 0x0C, 0x1A, 0xC3, 0xBE, 0xB0,
  0x83, 0x08, 0xFF, 0x0F, 0x0B, 0xC6, 0xC7, 0xC3, 0x25, 0xD8, 0xCF, 0x30, 0xDC, 0xD8, 0xF0, 0xE0,
  0xE8, 0xDF, 0xC6, 0xCC, 0x29, 0xEC, 0xE9, 0xCF, 0xCF, 0xF8, 0xEF, 0x03, 0xFC, 0xF8, 0xE3, 0xE3,
  0x61, 0x08, 0xFF, 0xC1, 0xC3, 0xC7, 0xC1, 0x0F, 0x0B, 0x18, 0x10, 0x9E, 0x06, 0xB3, 0x1F, 0x19,
  0x28, 0x20, 0x70, 0x18, 0x19, 0x1B, 0x1B, 0xE8, 0x1B, 0x3B, 0x70, 0x79, 0x70, 0xE3, 0xBD, 0xB9,
  0x48, 0x3E, 0x10, 0x0B, 0xAC, 0xC1, 0xC1, 0x58, 0x4F, 0x1F, 0x19, 0x9E, 0x68, 0x5F, 0x60, 0x6D,
  0x68, 0x52, 0x78, 0x7D, 0x6F, 0x63, 0x63, 0x88, 0x7F, 0xCF, 0x10, 0x0B, 0xC3, 0x2A, 0xC7, 0x98,
  0x90, 0x1E, 0x1F, 0x19, 0x33, 0xA8, 0xA0, 0x0C, 0x1D, 0x40, 0x3D, 0x6D, 0x6D, 0x6D, 0x7C, 0x0D,
  0xB8, 0xB0, 0xE3, 0x29, 0x1E, 0x19, 0xE3, 0xB3, 0xC8, 0xC0, 0xCE, 0xED, 0xE9, 0xCC, 0xCF, 0xAD,
  0xD8, 0xCF, 0x33, 0xDD, 0xD8, 0x68, 0x5E, 0x0D, 0xED, 0xE8, 0x0C, 0xF8, 0xEF, 0x43, 0x1F, 0x19,
  0x0B, 0xFE, 0xCD, 0xCD, 0xCD, 0xCF, 0x28, 0x0F, 0x38, 0xD1, 0xAE, 0xAB, 0x6D, 0x6D, 0x3D, 0xBA,
  0xAF, 0x83, 0x3D, 0x3A, 0xC8, 0xBE, 0x33, 0x68, 0x48, 0xED, 0xE8, 0x6D, 0x38, 0x08, 0xEF, 0x0E,
  0x0A, 0xCD, 0xCD, 0x04, 0xC7, 0xCD, 0x98, 0x90, 0x06, 0x8E, 0x9E, 0x86, 0x86, 0x48, 0x86, 0x06,
  0x86, 0xA8, 0xA0, 0x39, 0x6C, 0xAD, 0xA9, 0x3C, 0x66, 0x0C, 0xB9, 0xB0, 0xDD, 0xD8, 0x73, 0xE3,
  0xC8, 0xC0, 0x8E, 0x89, 0xCD, 0x5E, 0xC7, 0xD8, 0xCF, 0x9E, 0x9B, 0x9F, 0x9B, 0x6E, 0x5F, 0x39,
  0xF8, 0xEF, 0xC3, 0x21, 0x3E, 0x3A, 0x83, 0xF3, 0x03, 0x00, 0x07, 0x00, 0xFF, 0xFF, 0x78, 0xF0,
  0xE0, 0xC0, 0x0F, 0x0C, 0x0A, 0x00, 0x08, 0x00, 0x0A, 0x02, 0x0F, 0x9C, 0x07, 0x03, 0x2F, 0x2C,
  0x08, 0x00, 0x10, 0x0C, 0xE0, 0xF0, 0x2A, 0x18, 0x93, 0x08, 0x00, 0x30, 0x2C, 0x07, 0x0F, 0x1C,
  0x18, 0x0F, 0x1F, 0x84, 0x80, 0xE7, 0x12, 0x08, 0x98, 0x90, 0x08, 0x00, 0xF0, 0xF8, 0xB4, 0xB0,
  0x30, 0x28, 0xC4, 0xC0, 0x4C, 0x1F, 0x0F, 0x40, 0x36, 0x82, 0x74, 0xFF, 0xFF, 0xB4, 0xB0, 0xF8,
  0x06, 0xF0, 0x60, 0x56, 0xC0, 0xC0, 0x3F, 0x02, 0x00, 0x11, 0x00, 0x18, 0x18, 0x18, 0x00, 0x18,
  0x00, 0x44, 0x00, 0x3C, 0x1F, 0x19, 0x00, 0x00, 0x36, 0x06, 0x00, 0x7F, 0x04, 0x7F, 0x7F, 0x06,
  0x00, 0x36, 0x7E, 0x24, 0x7E, 0x6C, 0x05, 0x2A, 0x27, 0xFF, 0x3E, 0x3A, 0xFE, 0x00, 0x00, 0x1E,
  0x28, 0x14, 0x1C, 0x0A, 0x22, 0x1F, 0x3F, 0x2C, 0x29, 0x7F, 0x7F, 0x7E, 0x71, 0x23, 0x20, 0x06,
  0x1C, 0x30, 0x25, 0x22, 0x4F, 0x4A, 0x2E, 0x2A, 0x18, 0x50, 0x20, 0x1A, 0x24, 0x1A, 0x1A, 0x17,
  0x7C, 0x4E, 0x4A, 0x3F, 0xAF, 0x13, 0x10, 0x06, 0x00, 0x22, 0x1D, 0x04, 0x00, 0x0C, 0x15, 0x12,
  0x0C, 0x43, 0x40, 0x00, 0x3E, 0x3E, 0x3C, 0x3E, 0x3E, 0x1E, 0x00, 0x00, 0x02, 0x30, 0x15, 0x12,
  0x30, 0x00, 0x00, 0x78, 0x7C, 0x7C, 0x10, 0x3C, 0x7C, 0x7C, 0x78, 0x23, 0x20, 0x1C, 0x3E, 0x1C,
  0x01, 0x62, 0x56, 0x08, 0x08, 0x3E, 0x08, 0x08, 0x00, 0x00, 0xE4, 0x1C, 0x1C, 0x2C, 0x29, 0x1C,
  0x1C, 0x13, 0x0D, 0x99, 0x96, 0x7A, 0x76, 0x71, 0xA2, 0x9D, 0x00, 0x00, 0x3E, 0x32, 0x23, 0x93,
  0x90, 0x06, 0x00, 0x78, 0x02, 0x78, 0xA2, 0x9F, 0x06, 0x0C, 0x18, 0x30, 0x60, 0x00, 0x00, 0x00,
  0x0F, 0x1F, 0x3F, 0x7E, 0xFC, 0xF8, 0xF0, 0xD1, 0xBA, 0xB7, 0x36, 0x36, 0x36, 0xC2, 0xBF, 0x3E,
  0x4F, 0x4A, 0xD7, 0xD4, 0xFC, 0x1C, 0x0C, 0x16, 0x13, 0xD5, 0xD2, 0x90, 0x8D, 0x1F, 0x1C, 0x6A,
  0x67, 0x56, 0x53, 0x85, 0xD7, 0xD4, 0x7E, 0x62, 0x5A, 0x3C, 0x06, 0x1E, 0x06, 0x49, 0x46, 0x87,
  0x2C, 0x29, 0x4C, 0x49, 0x53, 0x4F, 0x36, 0x3E, 0x06, 0x06, 0x5E, 0x57, 0xE4, 0x0F, 0x0F, 0xD5,
  0xD2, 0x30, 0x3C, 0x39, 0x35, 0x5F, 0x59, 0x42, 0x3F, 0x68, 0x1C, 0x30, 0x3C, 0x0A, 0x05, 0x7E,
  0x2D, 0x29, 0xD7, 0xD4, 0x3E, 0x45, 0xF5, 0xF2, 0x18, 0xAC, 0xA7, 0x3F, 0x3E, 0x3C, 0x39, 0x36,
  0x1C, 0x46, 0x36, 0x85, 0x82, 0x13, 0x07, 0x36, 0x1E, 0x06, 0x0D, 0x06, 0x3F, 0xFA, 0x3F, 0xD8,
  0xD4, 0x18, 0xA5, 0xA2, 0xCD, 0xC9, 0xAE, 0xAA, 0xC6, 0xC1, 0xCA, 0xC4, 0x17, 0xAD, 0xAA, 0xD2,
  0xCD, 0xF6, 0xF3, 0x18, 0x19, 0x16, 0x1E, 0x3E, 0x7E, 0xC8, 0x7C, 0x7E, 0x3E, 0x22, 0x1F, 0x00,
  0x3C, 0xD5, 0xD2, 0xDA, 0xD7, 0x76, 0x7E, 0xDE, 0xDA, 0xE7, 0xE3, 0x18, 0xF6, 0xF3, 0xEE, 0xEB,
  0xCF, 0xCC, 0x7E, 0x1F, 0xC2, 0xBE, 0x25, 0x22, 0xA8, 0xA4, 0x3D, 0x39, 0x82, 0x7D, 0x3E, 0x22,
  0x2E, 0x0E, 0x20, 0x12, 0x0F, 0x30, 0x2A, 0x32, 0x2F, 0x1C, 0x36, 0x3E, 0x36, 0x76, 0x36, 0x8F,
  0x87, 0x33, 0x2F, 0x36, 0x25, 0x22, 0x2F, 0x27, 0x42, 0x3F, 0x1E, 0xD8, 0x30, 0x30, 0x30, 0xD2,
  0xCF, 0x3F, 0x3C, 0x78, 0x7D, 0x7A, 0x24, 0x20, 0xF6, 0x36, 0x32, 0x25, 0x55, 0x52, 0x30, 0x0C,
  0x06, 0x6F, 0x6B, 0x56, 0x50, 0xB9, 0xB6, 0x89, 0x30, 0x2C, 0x7E, 0x78, 0xC2, 0xBF, 0x1E, 0x30,
  0x36, 0x89, 0x85, 0x1B, 0x3C, 0x39, 0x92, 0x8C, 0x36, 0x19, 0x13, 0x12, 0x09, 0x3C, 0x18, 0x18,
  0x22, 0x18, 0x2A, 0x26, 0x7E, 0x7E, 0x3C, 0xE1, 0xDC, 0x3E, 0x06, 0xEC, 0x06, 0x06, 0xB1, 0xAE,
  0x0C, 0x09, 0x0F, 0x32, 0x2D, 0x47, 0x44, 0x92, 0x85, 0xFB, 0x36, 0x33, 0x59, 0x55, 0x78, 0xCC,
  0xC9, 0x12, 0x0D, 0x17, 0x13, 0x93, 0x86, 0x46, 0x43, 0xFF, 0x19, 0x16, 0x2F, 0x29, 0x14, 0x0F,
  0x79, 0x74, 0x1F, 0x19, 0x09, 0x06, 0x25, 0x22, 0x69, 0x65, 0x83, 0x2D, 0x29, 0x72, 0x6D, 0x18,
  0x24, 0x2C, 0x24, 0x1A, 0x23, 0x20, 0x8F, 0x9C, 0x99, 0x44, 0x3D, 0xB9, 0xB4, 0xF2, 0xE9, 0x1E,
  0x30, 0x1C, 0xA9, 0xA5, 0x0B, 0x7F, 0x79, 0x52, 0x4F, 0x7E, 0x96, 0x93, 0x18, 0x00, 0x00, 0xFF,
  0xF8, 0xFF, 0xFF, 0x3C, 0x4F, 0x4C, 0x84, 0x80, 0x79, 0x74, 0x8F, 0x89, 0x84, 0x7F, 0x48, 0x36,
  0x3C, 0x38, 0x8E, 0x87, 0x7E, 0x7C, 0x55, 0x50, 0x3E, 0xC7, 0x92, 0x86, 0xF7, 0xF4, 0x92, 0x85,
  0x36, 0x36, 0x1E, 0xAC, 0xA5, 0x42, 0x3C, 0xF8, 0x3E, 0x06, 0x1C, 0xC9, 0xC5, 0xE3, 0xD9, 0xC5,
  0xC2, 0x39, 0x36, 0x1D, 0x1A, 0x02, 0x78, 0x1D, 0x1A, 0x00, 0x00, 0x60, 0x30, 0x18, 0x0C, 0x00,
  0x06, 0x00, 0x00, 0xF0, 0xF8, 0xFC, 0x7E, 0x3F, 0x44, 0x1F, 0x0F, 0xE3, 0xE0, 0x0C, 0x0C, 0x0C,
  0xBC, 0xB6, 0x1E, 0xFD, 0xC2, 0xBD, 0x1C, 0xE9, 0xE6, 0xE7, 0xE4, 0xFD, 0xF9, 0xE9, 0xE4, 0xEA,
  0xE5, 0xF3, 0xED, 0x03, 0x0D, 0x0A, 0x00, 0x00, 0x45, 0x00, 0x00, 0x20, 0x30, 0x38, 0x30, 0x20,
  0x00, 0x00, 0x00, 0x60, 0x70, 0x78, 0x7C, 0x78, 0x70, 0x60, 0x00, 0x71, 0x41, 0x0F, 0x0F, 0x1F,
  0x3F, 0x47, 0x44, 0x48, 0x40, 0x5C, 0x4C, 0x00, 0x3C, 0x00, 0xFF, 0x67, 0x62, 0x68, 0x60, 0x7A,
  0x6A, 0x44, 0x3F, 0x38, 0x38, 0x20, 0x39, 0x00, 0x1F, 0x3F, 0x7F, 0x66, 0x62, 0x39, 0x39, 0x18,
  0x39, 0x1F, 0x0F, 0x12, 0x0F, 0x66, 0x62, 0x7F, 0x3F, 0x1F, 0x01, 0x13, 0x0F, 0xC3, 0xC7, 0x0E,
  0x0E, 0xCE, 0x00, 0xF7, 0x41, 0x68, 0x62, 0xCE, 0xCE, 0xCE, 0x87, 0x03, 0x9C, 0x95, 0xFF, 0x04,
  0xCF, 0x87, 0x13, 0x0F, 0xC0, 0xE1, 0x73, 0x73, 0x73, 0x98, 0x00, 0xE1, 0xF3, 0x67, 0x62, 0xC8,
  0xC5, 0xE1, 0xC0, 0xBD, 0xB5, 0x04, 0xF3, 0xE1, 0x13, 0x0F, 0xF0, 0xF8, 0x9C, 0x9C, 0x9C, 0x4C,
  0x00, 0xFB, 0x68, 0x62, 0xE8, 0xE5, 0xF8, 0xF0, 0xBD, 0xB5, 0xFF, 0x02, 0xFB, 0x13, 0x0F, 0xFC,
  0xFE, 0xE7, 0xE7, 0xE7, 0x00, 0xA6, 0xFE, 0x68, 0x62, 0x08, 0x05, 0xFE, 0xFC, 0xFE, 0xF5, 0xFE,
  0x23, 0x1F, 0xD2, 0x38, 0x27, 0x23, 0x00, 0xFE, 0x2F, 0x29, 0x38, 0x25, 0x21, 0x38, 0x35, 0x83,
  0x30, 0x29, 0xA3, 0x9F, 0x00, 0x00, 0x01, 0x01, 0x01, 0x46, 0x43, 0xBC, 0x03, 0x07, 0x4F, 0x4C,
  0x4A, 0x45, 0x83, 0x80, 0x50, 0x4C, 0x03, 0x58, 0x52, 0x60, 0x7E, 0xFE, 0xC0, 0xC0, 0xCE, 0x71,
  0x69, 0xB3, 0xB0, 0xFC, 0x0A, 0x78, 0xFE, 0xF5, 0xFD, 0x64, 0x5F, 0x7F, 0x73, 0x73, 0x7F, 0x2F,
  0x70, 0x68, 0x87, 0x84, 0xC9, 0xC6, 0xFE, 0xF6, 0xFF, 0xA3, 0x9F, 0x1F, 0x1F, 0x60, 0x9C, 0x9C,
  0x1F, 0x00, 0x7F, 0xB0, 0xAA, 0xA7, 0xA4, 0x9F, 0x82, 0x9F, 0xA3, 0x95, 0xE1, 0xE3, 0x07, 0x07,
  0x87, 0xF0, 0xE8, 0x18, 0x87, 0x07, 0x07, 0x09, 0x06, 0xC4, 0xB6, 0xF1, 0x38, 0x38, 0x68, 0xF8,
  0x00, 0xF7, 0x1F, 0x19, 0xF8, 0x29, 0x24, 0x43, 0x36, 0xFF, 0xBE, 0xFF, 0x29, 0x25, 0x1F, 0x18,
  0x29, 0x23, 0x45, 0x36, 0x46, 0x3F, 0x03, 0x2F, 0x2C, 0x83, 0x30, 0x23, 0x34, 0x2E, 0x3F, 0x7F,
  0xE0, 0xE0, 0x7C, 0xB0, 0xA8, 0x60, 0x3E, 0x07, 0x07, 0xFE, 0xFC, 0x7E, 0x75, 0x03, 0xFE, 0x39,
  0x27, 0x67, 0x63, 0x70, 0x68, 0x66, 0x63, 0x1F, 0x0F, 0x7D, 0x75, 0x3F, 0x1F, 0xC1, 0x83, 0x7F,
  0xCF, 0xCF, 0xCE, 0xCE, 0xCF, 0x90, 0x88, 0x87, 0x84, 0x14, 0x8E, 0x0E, 0x9E, 0x95, 0xBF, 0xA3,
  0x9F, 0xC3, 0xE3, 0x73, 0x50, 0x73, 0xE3, 0x00, 0xEF, 0xB0, 0xAA, 0xC3, 0x33, 0x2C, 0xFF, 0x18,
  0xFF, 0xEF, 0x8F, 0xBE, 0xBB, 0xC3, 0xBF, 0xFC, 0xFC, 0x80, 0x84, 0x80, 0xF0, 0xDF, 0xD7, 0xF0,
  0x80, 0x80, 0xFC, 0x5E, 0x54, 0x01, 0xE3, 0xDE, 0xFC, 0xFE, 0xE7, 0xE7, 0xFE, 0x00, 0xFE, 0x5D,
  0x10, 0x09, 0xE7, 0xF4, 0xF1, 0xE3, 0xD5, 0x2C, 0x29, 0x01, 0x2D, 0x28, 0x07, 0x0F, 0x0F, 0x0C,
  0x0A, 0x02, 0x10, 0x0B, 0x13, 0x0E, 0x00, 0x7E, 0xFE, 0xC0, 0x04, 0xC0, 0xF8, 0x70, 0x68, 0x7C,
  0x0E, 0x0E, 0xFC, 0xF8, 0x03, 0x5D, 0x55, 0x58, 0x53, 0x00, 0x7F, 0x7F, 0x0E, 0x0E, 0x0E, 0x8D,
  0x5E, 0x57, 0x3F, 0x48, 0x45, 0x49, 0x46, 0x00, 0x00, 0xBF, 0x5B, 0x58, 0x48, 0x3F, 0x3F, 0x3F,
  0x63, 0x5F, 0xCE, 0xCE, 0x4F, 0x45, 0xBF, 0x8D, 0x48, 0x45, 0x07, 0xB8, 0xB4, 0x5C, 0x58, 0x9F,
  0x8F, 0x87, 0x83, 0x7F, 0x60, 0x70, 0x71, 0x73, 0x73, 0x73, 0x90, 0x88, 0x88, 0x85, 0xE1, 0x52,
  0xC0, 0x9D, 0x95, 0xF3, 0xE1, 0xC7, 0xBF, 0x80, 0xCF, 0xC8, 0xE3, 0x9B, 0xA8, 0xA5, 0xD8, 0xD3,
  0xE3, 0xE3, 0xD9, 0xF4, 0xF1, 0xEE, 0xFC, 0xD0, 0xC8, 0x04, 0xFC, 0xEE, 0x03, 0xF2, 0xC3, 0xC7,
  0x0E, 0x0E, 0x0F, 0x74, 0x00, 0xF7, 0x70, 0x6A, 0x0F, 0x5C, 0x51, 0x5B, 0x58, 0xE4, 0xDF, 0xE3,
  0xA0, 0x73, 0x73, 0xF3, 0x00, 0xEF, 0x2F, 0x29, 0xF3, 0x88, 0x85, 0x02, 0x73, 0xE3, 0xD5, 0xF1,
  0xF9, 0x9C, 0x9C, 0xF8, 0x00, 0x72, 0xFB, 0x30, 0x2A, 0xF8, 0x9C, 0x34, 0x31, 0xE3, 0xD5, 0x45,
  0x3F, 0xC0, 0x0F, 0x4E, 0x49, 0x49, 0x3F, 0x46, 0x3F, 0x60, 0x60, 0x25, 0x92, 0x00, 0x1D, 0x00,
  0x01, 0x03, 0x0E, 0x00, 0xFF, 0xFF, 0x0E, 0x00, 0x24, 0x80, 0xC0, 0x0E, 0x00, 0x7F, 0xFF, 0x20,
  0x1D, 0x07, 0x0F, 0xA1, 0x57, 0x54, 0x07, 0x0F, 0x1F, 0x3F, 0x5F, 0x5B, 0xFF, 0x6F, 0x60, 0x09,
  0x40, 0x3D, 0xE0, 0xF0, 0x77, 0x74, 0xE0, 0xF0, 0xF8, 0xFC, 0x8F, 0x7F, 0x7B, 0x20, 0x1B, 0x5B,
  0x58, 0x88, 0x83, 0x3F, 0x7F, 0xFF, 0x90, 0x8D, 0x7F, 0x6D, 0x60, 0x80, 0x7B, 0x7E, 0x7B, 0x68,
  0x60, 0x58, 0x54, 0x04, 0x00, 0x60, 0x5B, 0x3F, 0xA7, 0x30, 0x2C, 0x34, 0x2E, 0x71, 0x6A, 0x00,
  0x80, 0x30, 0x27, 0xC0, 0xDD, 0xDA, 0xFB, 0x1F, 0x1C, 0x30, 0x27, 0x03, 0xEF, 0xEA, 0x78, 0x74,
  0x78, 0x74, 0xA8, 0xA0, 0x58, 0x54, 0xF3, 0x58, 0x54, 0xBE, 0xB8, 0x3F, 0x3F, 0xDE, 0xD0, 0xDF,
  0xDC, 0x8F, 0x88, 0x90, 0x8A, 0x44, 0xFF, 0xFF, 0x79, 0x74, 0xC0, 0x80, 0x00, 0x80, 0x7B, 0xF8,
  0x7C, 0xF0, 0xE0, 0x48, 0x40, 0x20, 0x1A, 0xE0, 0xDC, 0xD7, 0xD1, 0xF0, 0xEA, 0x03, 0x50, 0x03,
  0xFF, 0xFF, 0xFE, 0x40, 0x3C, 0xC0, 0x6D, 0x68, 0xFE, 0xB8, 0xFF, 0xFF, 0xBF, 0x0F, 0x08, 0x9A,
  0x92, 0xD8, 0xD1, 0x80, 0x20, 0x1A, 0xF5, 0x87, 0x7E, 0x01, 0x68, 0x5A, 0x80, 0xC3, 0xBF, 0x67,
  0x62, 0x49, 0x40, 0xD7, 0xD0, 0x33, 0x10, 0x08, 0x80, 0x78, 0x07, 0x03, 0xE3, 0xE0, 0x24, 0x21,
  0x3F, 0x1F, 0x9C, 0x0F, 0x07, 0x27, 0x23, 0x38, 0x34, 0x89, 0x86, 0xE0, 0xF8, 0x40, 0x3D, 0xF0,
  0xE0, 0xF0, 0xF8, 0xFC, 0x48, 0x40, 0x87, 0x7E, 0x4E, 0x41, 0x08, 0xF8, 0xF8, 0xFC, 0xFC, 0x0F,
  0x23, 0x20, 0xD4, 0xD0, 0x76, 0x71, 0xDC, 0xD9, 0x48, 0x40, 0x7C, 0x3F, 0x3F, 0x20, 0x10, 0x08,
  0xFA, 0xD5, 0xD1, 0x84, 0x80, 0x60, 0x60, 0x08, 0x4A, 0x00, 0x1E, 0x00, 0x01, 0x0E, 0x00, 0xFF,
  0xFF, 0x0F, 0x00, 0x80, 0xED, 0x08, 0x00, 0x03, 0x4F, 0x48, 0x08, 0x00, 0xC0, 0x5F, 0x58, 0x2E,
  0x17, 0x3E, 0x2D, 0x03, 0x47, 0x3F, 0x90, 0x90, 0x10, 0x14, 0x1D, 0x30, 0x15, 0x1D, 0x30, 0x1A,
  0x1D, 0x30, 0x11, 0x1D, 0x30, 0x15, 0x1D, 0x30, 0x1D, 0x1D, 0x1D, 0x1D, 0x1D, 0x1D, 0x1D, 0x1D,
  0x1D, 0x52, 0x00, 0xE6, 0x00, 0x01, 0x02, 0xF7, 0xE8, 0x03, 0x0E, 0x00, 0x04, 0x4D, 0x18, 0x08,
  0x05, 0xF8, 0xF9, 0x07, 0x18, 0x06, 0x07, 0x17, 0x08, 0x08, 0x07, 0x38, 0x28, 0xB0, 0x19, 0xC0,
  0xC0, 0x06, 0x00, 0x3F, 0x00, 0x40, 0x40, 0xD2, 0x00, 0x83, 0x00, 0x01, 0x02, 0x88, 0x85, 0x03,
  0x8A, 0x84, 0x03, 0x00, 0x4C, 0x04, 0x02, 0x8A, 0x83, 0x08, 0x00, 0x05, 0x06, 0xA8, 0xA5, 0x07,
  0xC1, 0xAA, 0xA4, 0x00, 0x00, 0x08, 0x09, 0x0A, 0xAA, 0xA3, 0x08, 0x00, 0x00, 0x0B, 0x0C, 0x0D,
  0x0E, 0x06, 0x0F, 0x10, 0x06, 0xC6, 0x11, 0xCA, 0xC7, 0xB4, 0xB1, 0x06, 0x0A, 0x00, 0xD1, 0xCA,
  0x85, 0x7B, 0x00, 0x12, 0x06, 0x13, 0x10, 0x06, 0x14, 0x15, 0x06, 0x00, 0x0F, 0x08, 0x09, 0x16,
  0x17, 0x0A, 0x02, 0x10, 0x98, 0x06, 0x18, 0x19, 0xE5, 0xDA, 0xE9, 0xE6, 0x1A, 0x1B, 0xF0, 0xEA,
  0xD2, 0x1C, 0xA9, 0xA5, 0x0A, 0x1D, 0xA9, 0xA5, 0x1E, 0x0A, 0xFD, 0xD8, 0xD5, 0x81, 0xF0, 0xEC,
  0x1F, 0x1F, 0x1F, 0x1C, 0x0A, 0x1F, 0xE4, 0xD6, 0xEE, 0x05, 0x2A, 0x26, 0x30, 0x29, 0x53, 0x50,
  0x1C, 0xD8, 0xD4, 0x53, 0x4C, 0x64, 0x5F, 0xC0, 0x10, 0x06, 0x20, 0x02, 0x02, 0x21, 0xFF, 0xF6,
  0x58, 0x53, 0xA5, 0x04, 0xF8, 0x10, 0xA9, 0xA5, 0x0F, 0x22, 0xA9, 0xA5, 0x13, 0x56, 0x50, 0x8B,
  0x93, 0x8A, 0xA4, 0x9F, 0x23, 0x33, 0x30, 0x1F, 0x24, 0x25, 0xA9, 0xA5, 0xE1, 0x4A, 0x47, 0x00,
  0x1F, 0x1F, 0x00, 0xB3, 0xAA, 0xBB, 0xBC, 0xBD, 0xBE, 0x03, 0xC0, 0xBD, 0xC0, 0xC0, 0x06, 0x00,
  0x3F, 0x00, 0x40, 0x40, 0xFF, 0xFF, 0xFF, 0xFF, 0xFF, 0xFF, 0xFF, 0xFF, 0xFF, 0xFF, 0xFF, 0xFF,
  0xFF, 0xFF, 0xFF, 0xFF, 0xFF, 0xFF, 0xFF, 0xFF, 0xFF, 0xFF, 0xFF, 0xFF, 0xFF, 0xFF, 0xFF, 0xFF,
  0xFF, 0xFF, 0xFF, 0xFF, 0xFF, 0xFF, 0xFF, 0xFF, 0xFF, 0xFF, 0xFF, 0xFF, 0xFF, 0xFF, 0xFF, 0xFF,
  0xFF, 0xFF, 0xFF, 0xFF, 0xFF, 0xFF, 0xFF, 0xFF, 0xFF, 0xFF, 0xFF, 0xFF, 0xFF, 0xFF, 0xFF, 0xFF,
  0xFF, 0xFF, 0xFF, 0xFF, 0xFF, 0xFF, 0xFF, 0xFF, 0xFF, 0xFF, 0xFF, 0xFF, 0xFF, 0xFF, 0xFF, 0xFF,
  0xFF, 0xFF, 0xFF, 0xFF, 0xFF, 0xFF, 0xFF, 0xFF, 0xFF, 0xFF, 0xFF, 0xFF, 0xFF, 0xFF, 0xFF, 0xFF,
  0xFF, 0xFF, 0xFF, 0xFF, 0xFF, 0xFF, 0xFF, 0xFF, 0xFF, 0xFF, 0xFF, 0xFF, 0xFF, 0xFF, 0xFF, 0xFF,
  0xFF, 0xFF, 0xFF, 0xFF, 0xFF, 0xFF, 0xFF, 0xFF, 0xFF, 0xFF, 0xFF, 0xFF, 0xFF, 0xFF, 0xFF, 0xFF,
  0xFF, 0xFF, 0xFF, 0xFF, 0xFF, 0xFF, 0xFF, 0xFF, 0xFF, 0xFF, 0xFF, 0xFF, 0xFF, 0xFF, 0xFF, 0xFF,
  0xFF, 0xFF, 0xFF, 0xFF, 0xFF, 0xFF, 0xFF, 0xFF, 0xFF, 0xFF, 0xFF, 0xFF, 0xFF, 0xFF, 0xFF, 0xFF,
  0xFF, 0xFF, 0xFF, 0xFF, 0xFF, 0xFF, 0xFF, 0xFF, 0xFF, 0xFF, 0xFF, 0xFF, 0xFF, 0xFF, 0xFF, 0xFF,
  0xFF, 0xFF, 0xFF, 0xFF, 0xFF, 0xFF, 0xFF, 0xFF, 0xFF, 0xFF, 0xFF, 0xFF, 0xFF, 0xFF, 0xFF, 0xFF,
  0xFF, 0xFF, 0xFF, 0xFF, 0xFF, 0xFF, 0xFF, 0xFF, 0xFF, 0xFF, 0xFF, 0xFF, 0xFF, 0xFF, 0xFF, 0xFF,
  0xFF, 0xFF, 0xFF, 0xFF, 0xFF, 0xFF, 0xFF, 0xFF, 0xFF, 0xFF, 0xFF, 0xFF, 0xFF, 0xFF, 0xFF, 0xFF,
  0xFF, 0xFF, 0xFF, 0xFF, 0xFF, 0xFF, 0xFF, 0xFF, 0xFF, 0xFF, 0xFF, 0xFF, 0xFF, 0xFF, 0xFF, 0xFF,
  0xFF, 0xFF, 0xFF, 0xFF, 0xFF, 0xFF, 0xFF, 0xFF, 0xFF, 0xFF, 0xFF, 0xFF, 0xFF, 0xFF, 0xFF, 0xFF,
  0xFF, 0xFF, 0xFF, 0xFF, 0xFF, 0xFF, 0xFF, 0xFF, 0xFF, 0xFF, 0xFF, 0xFF, 0xFF, 0xFF, 0xFF, 0xFF,
  0xFF, 0xFF, 0xFF, 0xFF, 0xFF, 0xFF, 0xFF, 0xFF, 0xFF, 0xFF, 0xFF, 0xFF, 0xFF, 0xFF, 0xFF, 0xFF,
  0xFF, 0xFF, 0xFF, 0xFF, 0xFF, 0xFF, 0xFF, 0xFF, 0xFF, 0xFF, 0xFF, 0xFF, 0xFF, 0xFF, 0xFF, 0xFF,
  0xFF, 0xFF, 0xFF, 0xFF, 0xFF, 0xFF, 0xFF, 0xFF, 0xFF, 0xFF, 0xFF, 0xFF, 0xFF, 0xFF, 0xFF, 0xFF,
  0xFF, 0xFF, 0xFF, 0xFF, 0xFF, 0xFF, 0xFF, 0xFF, 0xFF, 0xFF, 0xFF, 0xFF, 0xFF, 0xFF, 0xFF, 0xFF,
  0xFF, 0xFF, 0xFF, 0xFF, 0xFF, 0xFF, 0xFF, 0xFF, 0xFF, 0xFF, 0xFF, 0xFF, 0xFF, 0xFF, 0xFF, 0xFF,
  0xFF, 0xFF, 0xFF, 0xFF, 0xFF, 0xFF, 0xFF, 0xFF, 0xFF, 0xFF, 0xFF, 0xFF, 0xFF, 0xFF, 0xFF, 0xFF,
  0xFF, 0xFF, 0xFF, 0xFF, 0xFF, 0xFF, 0xFF, 0xFF, 0xFF, 0xFF, 0xFF, 0xFF, 0xFF, 0xFF, 0xFF, 0xFF,
  0xFF, 0xFF, 0xFF, 0xFF, 0xFF, 0xFF, 0xFF, 0xFF, 0xFF, 0xFF, 0xFF, 0xFF, 0xFF, 0xFF, 0xFF, 0xFF,
  0xFF, 0xFF, 0xFF, 0xFF, 0xFF, 0xFF, 0xFF, 0xFF, 0xFF, 0xFF, 0xFF, 0xFF, 0xFF, 0xFF, 0xFF, 0xFF,
  0xFF, 0xFF, 0xFF, 0xFF, 0xFF, 0xFF, 0xFF, 0xFF, 0xFF, 0xFF, 0xFF, 0xFF, 0xFF, 0xFF, 0xFF, 0xFF,
  0xFF, 0xFF, 0xFF, 0xFF, 0xFF, 0xFF, 0xFF, 0xFF, 0xFF, 0xFF, 0xFF, 0xFF, 0xFF, 0xFF, 0xFF, 0xFF,
  0xFF, 0xFF, 0xFF, 0xFF, 0xFF, 0xFF, 0xFF, 0xFF, 0xFF, 0xFF, 0xFF, 0xFF, 0xFF, 0xFF, 0xFF, 0xFF,
  0xFF, 0xFF, 0xFF, 0xFF, 0xFF, 0xFF, 0xFF, 0xFF, 0xFF, 0xFF, 0xFF, 0xFF, 0xFF, 0xFF, 0xFF, 0xFF,
  0xFF, 0xFF, 0xFF, 0xFF, 0xFF, 0xFF, 0xFF, 0xFF, 0xFF, 0xFF, 0xFF, 0xFF, 0xFF, 0xFF, 0xFF, 0xFF,
  0xFF, 0xFF, 0xFF, 0xFF, 0xFF, 0xFF, 0xFF, 0xFF, 0xFF, 0xFF, 0xFF, 0xFF, 0xFF, 0xFF, 0xFF, 0xFF,
  0xFF, 0xFF, 0xFF, 0xFF, 0xFF, 0xFF, 0xFF, 0xFF, 0xFF, 0xFF, 0xFF, 0xFF, 0xFF, 0xFF, 0xFF, 0xFF,
  0xFF, 0xFF, 0xFF, 0xFF, 0xFF, 0xFF, 0xFF, 0xFF, 0xFF, 0xFF, 0xFF, 0xFF, 0xFF, 0xFF, 0xFF, 0xFF,
  0xFF, 0xFF, 0xFF, 0xFF, 0xFF, 0xFF, 0xFF, 0xFF, 0xFF, 0xFF, 0xFF, 0xFF, 0xFF, 0xFF, 0xFF, 0xFF,
  0xFF, 0xFF, 0xFF, 0xFF, 0xFF, 0xFF, 0xFF, 0xFF, 0xFF, 0xFF, 0xFF, 0xFF, 0xFF, 0xFF, 0xFF, 0xFF,
  0xFF, 0xFF, 0xFF, 0xFF, 0xFF, 0xFF, 0xFF, 0xFF, 0xFF, 0xFF, 0xFF, 0xFF, 0xFF, 0xFF, 0xFF, 0xFF,
  0xFF, 0xFF, 0xFF, 0xFF, 0xFF, 0xFF, 0xFF, 0xFF, 0xFF, 0xFF, 0xFF, 0xFF, 0xFF, 0xFF, 0xFF, 0xFF,
  0xFF, 0xFF, 0xFF, 0xFF, 0xFF, 0xFF, 0xFF, 0xFF, 0xFF, 0xFF, 0xFF, 0xFF, 0xFF, 0xFF, 0xFF, 0xFF,
  0xFF, 0xFF, 0xFF, 0xFF, 0xFF, 0xFF, 0xFF, 0xFF, 0xFF, 0xFF, 0xFF, 0xFF, 0xFF, 0xFF, 0xFF, 0xFF,
  0xFF, 0xFF, 0xFF, 0xFF, 0xFF, 0xFF, 0xFF, 0xFF, 0xFF, 0xFF, 0xFF, 0xFF, 0xFF, 0xFF, 0xFF, 0xFF,
  0xFF, 0xFF, 0xFF, 0xFF, 0xFF, 0xFF, 0xFF, 0xFF, 0xFF, 0xFF, 0xFF, 0xFF, 0xFF, 0xFF, 0xFF, 0xFF,
  0xFF, 0xFF, 0xFF, 0xFF, 0xFF, 0xFF, 0xFF, 0xFF, 0xFF, 0xFF, 0xFF, 0xFF, 0xFF, 0xFF, 0xFF, 0xFF,
  0xFF, 0xFF, 0xFF, 0xFF, 0xFF, 0xFF, 0xFF, 0xFF, 0xFF, 0xFF, 0xFF, 0xFF, 0xFF, 0xFF, 0xFF, 0xFF,
  0xFF, 0xFF, 0xFF, 0xFF, 0xFF, 0xFF, 0xFF, 0xFF, 0xFF, 0xFF, 0xFF, 0xFF, 0xFF, 0xFF, 0xFF, 0xFF,
  0xFF, 0xFF, 0xFF, 0xFF, 0xFF, 0xFF, 0xFF, 0xFF, 0xFF, 0xFF, 0xFF, 0xFF, 0xFF, 0xFF, 0xFF, 0xFF,
  0xFF, 0xFF, 0xFF, 0xFF, 0xFF, 0xFF, 0xFF, 0xFF, 0xFF, 0xFF, 0xFF, 0xFF, 0xFF, 0xFF, 0xFF, 0xFF,
  0xFF, 0xFF, 0xFF, 0xFF, 0xFF, 0xFF, 0xFF, 0xFF, 0xFF, 0xFF, 0xFF, 0xFF, 0xFF, 0xFF, 0xFF, 0xFF,
  0xFF, 0xFF, 0xFF, 0xFF, 0xFF, 0xFF, 0xFF, 0xFF, 0xFF, 0xFF, 0xFF, 0xFF, 0xFF, 0xFF, 0xFF, 0xFF,
  0xFF, 0xFF, 0xFF, 0xFF, 0xFF, 0xFF, 0xFF, 0xFF, 0xFF, 0xFF, 0xFF, 0xFF, 0xFF, 0xFF, 0xFF, 0xFF,
  0xFF, 0xFF, 0xFF, 0xFF, 0xFF, 0xFF, 0xFF, 0xFF, 0xFF, 0xFF, 0xFF, 0xFF, 0xFF, 0xFF, 0xFF, 0xFF,
  0xFF, 0xFF, 0xFF, 0xFF, 0xFF, 0xFF, 0xFF, 0xFF, 0xFF, 0xFF, 0xFF, 0xFF, 0xFF, 0xFF, 0xFF, 0xFF,
  0xFF, 0xFF, 0xFF, 0xFF, 0xFF, 0xFF, 0xFF, 0xFF, 0xFF, 0xFF, 0xFF, 0xFF, 0xFF, 0xFF, 0xFF, 0xFF,
  0xFF, 0xFF, 0xFF, 0xFF, 0xFF, 0xFF, 0xFF, 0xFF, 0xFF, 0xFF, 0xFF, 0xFF, 0xFF, 0xFF, 0xFF, 0xFF,
  0xFF, 0xFF, 0xFF, 0xFF, 0xFF, 0xFF, 0xFF, 0xFF, 0xFF, 0xFF, 0xFF, 0xFF, 0xFF, 0xFF, 0xFF, 0xFF,
  0xFF, 0xFF, 0xFF, 0xFF, 0xFF, 0xFF, 0xFF, 0xFF, 0xFF, 0xFF, 0xFF, 0xFF, 0xFF, 0xFF, 0xFF, 0xFF,
  0xFF, 0xFF, 0xFF, 0xFF, 0xFF, 0xFF, 0xFF, 0xFF, 0xFF, 0xFF, 0xFF, 0xFF, 0xFF, 0xFF, 0xFF, 0xFF,
  0xFF, 0xFF, 0xFF, 0xFF, 0xFF, 0xFF, 0xFF, 0xFF, 0xFF, 0xFF, 0xFF, 0xFF, 0xFF, 0xFF, 0xFF, 0xFF,
  0xFF, 0xFF, 0xFF, 0xFF, 0xFF, 0xFF, 0xFF, 0xFF, 0xFF, 0xFF, 0xFF, 0xFF, 0xFF, 0xFF, 0xFF, 0xFF,
  0xFF, 0xFF, 0xFF, 0xFF, 0xFF, 0xFF, 0xFF, 0xFF, 0xFF, 0xFF, 0xFF, 0xFF, 0xFF, 0xFF, 0xFF, 0xFF,
  0xFF, 0xFF, 0xFF, 0xFF, 0xFF, 0xFF, 0xFF, 0xFF, 0xFF, 0xFF, 0xFF, 0xFF, 0xFF, 0xFF, 0xFF, 0xFF,
  0xFF, 0xFF, 0xFF, 0xFF, 0xFF, 0xFF, 0xFF, 0xFF, 0xFF, 0xFF, 0xFF, 0xFF, 0xFF, 0xFF, 0xFF, 0xFF,
  0xFF, 0xFF, 0xFF, 0xFF, 0xFF, 0xFF, 0xFF, 0xFF, 0xFF, 0xFF, 0xFF, 0xFF, 0xFF, 0xFF, 0xFF, 0xFF,
  0xFF, 0xFF, 0xFF, 0xFF, 0xFF, 0xFF, 0xFF, 0xFF, 0xFF, 0xFF, 0xFF, 0xFF, 0xFF, 0xFF, 0xFF, 0xFF,
  0xFF, 0xFF, 0xFF, 0xFF, 0xFF, 0xFF, 0xFF, 0xFF, 0xFF, 0xFF, 0xFF, 0xFF, 0xFF, 0xFF, 0xFF, 0xFF,
  0xFF, 0xFF, 0xFF, 0xFF, 0xFF, 0xFF, 0xFF, 0xFF, 0xFF, 0xFF, 0xFF, 0xFF, 0xFF, 0xFF, 0xFF, 0xFF,
  0xFF, 0xFF, 0xFF, 0xFF, 0xFF, 0xFF, 0xFF, 0xFF, 0xFF, 0xFF, 0xFF, 0xFF, 0xFF, 0xFF, 0xFF, 0xFF,
  0xFF, 0xFF, 0xFF, 0xFF, 0xFF, 0xFF, 0xFF, 0xFF, 0xFF, 0xFF, 0xFF, 0xFF, 0xFF, 0xFF, 0xFF, 0xFF,
  0xFF, 0xFF, 0xFF, 0xFF, 0xFF, 0xFF, 0xFF, 0xFF, 0xFF, 0xFF, 0xFF, 0xFF, 0xFF, 0xFF, 0xFF, 0xFF,
  0xFF, 0xFF, 0xFF, 0xFF, 0xFF, 0xFF, 0xFF, 0xFF, 0xFF, 0xFF, 0xFF, 0xFF, 0xFF, 0xFF, 0xFF, 0xFF,
  0xFF, 0xFF, 0xFF, 0xFF, 0xFF, 0xFF, 0xFF, 0xFF, 0xFF, 0xFF, 0xFF, 0xFF, 0xFF, 0xFF, 0xFF, 0xFF,
  0xFF, 0xFF, 0xFF, 0xFF, 0xFF, 0xFF, 0xFF, 0xFF, 0xFF, 0xFF, 0xFF, 0xFF, 0xFF, 0xFF, 0xFF, 0xFF,
  0xFF, 0xFF, 0xFF, 0xFF, 0xFF, 0xFF, 0xFF, 0xFF, 0xFF, 0xFF, 0xFF, 0xFF, 0xFF, 0xFF, 0xFF, 0xFF,
  0xFF, 0xFF, 0xFF, 0xFF, 0xFF, 0xFF, 0xFF, 0xFF, 0xFF, 0xFF, 0xFF, 0xFF, 0xFF, 0xFF, 0xFF, 0xFF,
  0xFF, 0xFF, 0xFF, 0xFF, 0xFF, 0xFF, 0xFF, 0xFF, 0xFF, 0xFF, 0xFF, 0xFF, 0xFF, 0xFF, 0xFF, 0xFF,
  0xFF, 0xFF, 0xFF, 0xFF, 0xFF, 0xFF, 0xFF, 0xFF, 0xFF, 0xFF, 0xFF, 0xFF, 0xFF, 0xFF, 0xFF, 0xFF,
  0xFF, 0xFF, 0xFF, 0xFF, 0xFF, 0xFF, 0xFF, 0xFF, 0xFF, 0xFF, 0xFF, 0xFF, 0xFF, 0xFF, 0xFF, 0xFF,
  0xFF, 0xFF, 0xFF, 0xFF, 0xFF, 0xFF, 0xFF, 0xFF, 0xFF, 0xFF, 0xFF, 0xFF, 0xFF, 0xFF, 0xFF, 0xFF,
  0xFF, 0xFF, 0xFF, 0xFF, 0xFF, 0xFF, 0xFF, 0xFF, 0xFF, 0xFF, 0xFF, 0xFF, 0xFF, 0xFF, 0xFF, 0xFF,
  0xFF, 0xFF, 0xFF, 0xFF, 0xFF, 0xFF, 0xFF, 0xFF, 0xFF, 0xFF, 0xFF, 0xFF, 0xFF, 0xFF, 0xFF, 0xFF,
  0xFF, 0xFF, 0xFF, 0xFF, 0xFF, 0xFF, 0xFF, 0xFF, 0xFF, 0xFF, 0xFF, 0xFF, 0xFF, 0xFF, 0xFF, 0xFF,
  0xFF, 0xFF, 0xFF, 0xFF, 0xFF, 0xFF, 0xFF, 0xFF, 0xFF, 0xFF, 0xFF, 0xFF, 0xFF, 0xFF, 0xFF, 0xFF,
  0xFF, 0xFF, 0xFF, 0xFF, 0xFF, 0xFF, 0xFF, 0xFF, 0xFF, 0xFF, 0xFF, 0xFF, 0xFF, 0xFF, 0xFF, 0xFF,
  0xFF, 0xFF, 0xFF, 0xFF, 0xFF, 0xFF, 0xFF, 0xFF, 0xFF, 0xFF, 0xFF, 0xFF, 0xFF, 0xFF, 0xFF, 0xFF,
  0xFF, 0xFF, 0xFF, 0xFF, 0xFF, 0xFF, 0xFF, 0xFF, 0xFF, 0xFF, 0xFF, 0xFF, 0xFF, 0xFF, 0xFF, 0xFF,
  0xFF, 0xFF, 0xFF, 0xFF, 0xFF, 0xFF, 0xFF, 0xFF, 0xFF, 0xFF, 0xFF, 0xFF, 0xFF, 0xFF, 0xFF, 0xFF,
  0xFF, 0xFF, 0xFF, 0xFF, 0xFF, 0xFF, 0xFF, 0xFF, 0xFF, 0xFF, 0xFF, 0xFF, 0xFF, 0xFF, 0xFF, 0xFF,
  0xFF, 0xFF, 0xFF, 0xFF, 0xFF, 0xFF, 0xFF, 0xFF, 0xFF, 0xFF, 0xFF, 0xFF, 0xFF, 0xFF, 0xFF, 0xFF,
  0xFF, 0xFF, 0xFF, 0xFF, 0xFF, 0xFF, 0xFF, 0xFF, 0xFF, 0xFF, 0xFF, 0xFF, 0xFF, 0xFF, 0xFF, 0xFF,
  0xFF, 0xFF, 0xFF, 0xFF, 0xFF, 0xFF, 0xFF, 0xFF, 0xFF, 0xFF, 0xFF, 0xFF, 0xFF, 0xFF, 0xFF, 0xFF,
  0xFF, 0xFF, 0xFF, 0xFF, 0xFF, 0xFF, 0xFF, 0xFF, 0xFF, 0xFF, 0xFF, 0xFF, 0xFF, 0xFF, 0xFF, 0xFF,
  0xFF, 0xFF, 0xFF, 0xFF, 0xFF, 0xFF, 0xFF, 0xFF, 0xFF, 0xFF, 0xFF, 0xFF, 0xFF, 0xFF, 0xFF, 0xFF,
  0xFF, 0xFF, 0xFF, 0xFF, 0xFF, 0xFF, 0xFF, 0xFF, 0xFF, 0xFF, 0xFF, 0xFF, 0xFF, 0xFF, 0xFF, 0xFF,
  0xFF, 0xFF, 0xFF, 0xFF, 0xFF, 0xFF, 0xFF, 0xFF, 0xFF, 0xFF, 0xFF, 0xFF, 0xFF, 0xFF, 0xFF, 0xFF,
  0xFF, 0xFF, 0xFF, 0xFF, 0xFF, 0xFF, 0xFF, 0xFF, 0xFF, 0xFF, 0xFF, 0xFF, 0xFF, 0xFF, 0xFF, 0xFF,
  0xFF, 0xFF, 0xFF, 0xFF, 0xFF, 0xFF, 0xFF, 0xFF, 0xFF, 0xFF, 0xFF, 0xFF, 0xFF, 0xFF, 0xFF, 0xFF,
  0xFF, 0xFF, 0xFF, 0xFF, 0xFF, 0xFF, 0xFF, 0xFF, 0xFF, 0xFF, 0xFF, 0xFF, 0xFF, 0xFF, 0xFF, 0xFF,
  0xFF, 0xFF, 0xFF, 0xFF, 0xFF, 0xFF, 0xFF, 0xFF, 0xFF, 0xFF, 0xFF, 0xFF, 0xFF, 0xFF, 0xFF, 0xFF,
  0xFF, 0xFF, 0xFF, 0xFF, 0xFF, 0xFF, 0xFF, 0xFF, 0xFF, 0xFF, 0xFF, 0xFF, 0xFF, 0xFF, 0xFF, 0xFF,
  0xFF, 0xFF, 0xFF, 0xFF, 0xFF, 0xFF, 0xFF, 0xFF, 0xFF, 0xFF, 0xFF, 0xFF, 0xFF, 0xFF, 0xFF, 0xFF,
  0x55, 0x55, 0x55, 0x55, 0x55, 0x55, 0x55, 0x55, 0x55, 0x55, 0x55, 0x55, 0x55, 0x55, 0x55, 0x55,
  0x55, 0x95, 0xAA, 0x56, 0x5B, 0x55, 0x4A, 0x25, 0xA5, 0xAA, 0x5A, 0x55, 0xB5, 0xAA, 0x56, 0x55,
  0x55, 0x55, 0xB5, 0xAA, 0xAA, 0xAA, 0xAA, 0xAA, 0x4A, 0x55, 0x55, 0x55, 0x55, 0x55, 0x55, 0x55,
  0x25, 0x00, 0xFC, 0xFF, 0x9F, 0x20, 0x40, 0x54, 0x6D, 0xA5, 0xAA, 0x24, 0xA1, 0xB4, 0x55, 0xBD,
  0x7F, 0xD7, 0x6F, 0x6B, 0xDB, 0xAE, 0xD5, 0xDA, 0xB6, 0x95, 0x92, 0x44, 0x52, 0xA5, 0x2A, 0xA5,
  0x24, 0x21, 0x51, 0xA4, 0x2A, 0x25, 0xA5, 0xA4, 0x54, 0x49, 0xA9, 0x54, 0xA5, 0x5A, 0x5B, 0xAB,
  0xB5, 0xB6, 0xB5, 0xED, 0xD6, 0xD6, 0xAA, 0xAA, 0xB4, 0x2A, 0x95, 0xAA, 0x16, 0xB7, 0x54, 0x55,
  0x55, 0x55, 0x6D, 0x5B, 0x55, 0xA5, 0x95, 0xAA, 0xAD, 0x4A, 0xAA, 0xAA, 0x5A, 0xB5, 0x5A, 0xAB,
  0xAA, 0x55, 0xB5, 0xD6, 0xAA, 0x2A, 0x55, 0x55, 0xAB, 0xAA, 0x52, 0xA9, 0x52, 0x29, 0xA5, 0x54,
  0x29, 0x25, 0x25, 0x89, 0x94, 0x92, 0x24, 0x25, 0x49, 0x55, 0x55, 0x29, 0xA5, 0x94, 0xA4, 0xA4,
  0xA4, 0x52, 0xA9, 0x54, 0xA9, 0x54, 0xA9, 0xAA, 0xAA, 0xAA, 0xAA, 0xAA, 0xAA, 0xAA, 0xAA, 0xAA,
  0xB5, 0x56, 0xB5, 0xAD, 0xD5, 0x5A, 0xAB, 0x56, 0xAD, 0x56, 0x5B, 0x6B, 0xB5, 0xAD, 0xB5, 0xB6,
  0xD6, 0xDA, 0x6D, 0xB5, 0xB5, 0xB5, 0xD6, 0x5A, 0x6B, 0x6D, 0x5B, 0xAD, 0xB5, 0x5A, 0x6B, 0xAD,
  0xAA, 0xB5, 0x6A, 0x55, 0xAD, 0x56, 0xAB, 0x5A, 0xAD, 0xAA, 0x5A, 0x55, 0xFF, 0xFF, 0xFF, 0xFF,
  0xAF, 0x2A, 0x55, 0x55, 0x55, 0xA9, 0xAA, 0x2A, 0x55, 0xAA, 0xAA, 0xAA, 0x55, 0x55, 0x55, 0xB5,
  0xAA, 0xAA, 0xAA, 0xAA, 0xAA, 0x52, 0x95, 0xAA, 0x4A, 0x55, 0xA5, 0x2A, 0x55, 0xA5, 0xAA, 0x52,
  0x95, 0xAA, 0xAA, 0x2A, 0x55, 0xA9, 0x2A, 0x55, 0xAA, 0x2A, 0x95, 0x4A, 0x25, 0xA5, 0x94, 0x52,
  0x4A, 0x29, 0x95, 0x4A, 0xA5, 0xAA, 0x52, 0x2A, 0x55, 0xAA, 0x52, 0x95, 0xAA, 0x52, 0xA5, 0xAA,
  0xAA, 0xAA, 0xAA, 0xAA, 0xAA, 0xAA, 0xAA, 0xAA, 0xAA, 0x2A, 0x55, 0x55, 0x55, 0x55, 0x55, 0x55,
  0x55, 0x55, 0x55, 0x55, 0xAB, 0xAA, 0xAA, 0x52, 0x55, 0x55, 0x55, 0xAA, 0x4A, 0x29, 0xA5, 0x94,
  0xA4, 0x4A, 0x55, 0x55, 0xA5, 0xAA, 0xAA, 0xAA, 0xAA, 0x6A, 0xA9, 0xAA, 0xAA, 0xAA, 0xAA, 0xAA,
  0xAA, 0xAA, 0xAA, 0x5A, 0x55, 0xAD, 0x5A, 0xAD, 0x6A, 0x55, 0x6B, 0xAD, 0xD5, 0x6A, 0xB5, 0x5A,
  0xB5, 0x6A, 0x55, 0xAB, 0xAA, 0xAA, 0xAA, 0xAA, 0x55, 0x55, 0x55, 0xAB, 0x56, 0xAD, 0xAA, 0xAA,
  0xAA, 0xAA, 0xAA, 0xAA, 0xAA, 0xAA, 0x54, 0x95, 0xAA, 0xAA, 0xAA, 0x4A, 0x55, 0xA9, 0xAA, 0xAA,
  0xAA, 0x2A, 0xD5, 0xAA, 0xAA, 0xAA, 0x55, 0x55, 0xB5, 0xAA, 0xAA, 0x55, 0x55, 0x55, 0x55, 0x55,
  0x55, 0x55, 0x55, 0x55, 0xA5, 0xAA, 0xAA, 0xAA, 0xAA, 0xAA, 0xAA, 0x5A, 0x55, 0x55, 0xB5, 0xAA,
  0xAA, 0x6A, 0xA5, 0xAA, 0x55, 0x55, 0x55, 0x55, 0xAB, 0x56, 0x69, 0x55, 0x55, 0xAD, 0xAA, 0xAA,
  0xAA, 0xAA, 0xAA, 0xAA, 0xAA, 0xAA, 0xAA, 0xAA, 0xAA, 0xAA, 0xAA, 0xAA, 0xAA, 0x2A, 0x55, 0xA5,
  0xAA, 0x54, 0x55, 0x95, 0xAA, 0xAA, 0xAA, 0x4A, 0x55, 0x55, 0x95, 0xAA, 0x52, 0x55, 0x55, 0xA5,
  0xAA, 0xAA, 0xAA, 0xAA, 0xAA, 0xAA, 0xAA, 0xAA, 0x55, 0x55, 0x55, 0xB5, 0xAA, 0xAA, 0xAA, 0xAA,
  0xAA, 0xAA, 0xAA, 0xAA, 0xAA, 0xAA, 0xAA, 0xAA, 0xAA, 0xAA, 0xAA, 0xAA, 0xAA, 0xAA, 0xAA, 0xAA,
  0x6A, 0x55, 0x55, 0x55, 0x55, 0x55, 0xAB, 0xAA, 0xAA, 0xAA, 0xAA, 0xAA, 0x5A, 0x55, 0x55, 0xD5,
  0xAA, 0xAA, 0xAA, 0x56, 0x55, 0x55, 0x55, 0x55, 0x55, 0x55, 0x55, 0x55, 0x55, 0x55, 0x55, 0x55,
  0x55, 0x55, 0x55, 0x95, 0x5A, 0xAA, 0xAA, 0xAA, 0xAA, 0xAA, 0xAA, 0xAA, 0xAA, 0x4A, 0x55, 0x55,
  0x55, 0x55, 0x55, 0x55, 0xAA, 0xAA, 0xAA, 0xAA, 0xAA, 0xAA, 0xAA, 0xAA, 0xAA, 0xAA, 0xAA, 0xAA,
  0x72, 0x0F, 0xAA, 0xAA, 0xAA, 0xAA, 0xAA, 0xAA, 0xAA, 0xAA, 0xAA, 0xAA, 0xAA, 0xAA, 0xAA, 0xAA,
  0xAA, 0xAA, 0xAA, 0xAA, 0xAA, 0xAA, 0xAA, 0xAA, 0xAA, 0x55, 0x55, 0x55, 0x55, 0x55, 0x55, 0x55,
  0x55, 0x00, 0x00, 0x00, 0x00, 0x00, 0x00, 0x00, 0x00, 0x00, 0x00, 0x00, 0x00, 0x00, 0x00, 0x00,
  0x00, 0x00, 0x00, 0x00, 0x00, 0x00, 0x00, 0x00, 0x00, 0x00, 0x00, 0x00, 0x00, 0x00, 0x00, 0x00,
  0x00, 0x00, 0x00, 0x00, 0x00, 0x00, 0x00, 0x00, 0x00, 0x00, 0x00, 0x00, 0x00, 0x00, 0x00, 0x00,
  0xFF, 0xFF, 0xFF, 0xFF, 0xFF, 0xFF, 0xFF, 0xFF, 0xFF, 0xFF, 0xFF, 0xFF, 0xFF, 0xFF, 0xFF, 0xFF,
  0xFF, 0xFF, 0xFF, 0xFF, 0xFF, 0xFF, 0xFF, 0xFF, 0xFF, 0xFF, 0xFF, 0xFF, 0xFF, 0xFF, 0xFF, 0xFF,
  0xFF, 0xFF, 0xFF, 0xFF, 0xFF, 0xFF, 0xFF, 0xFF, 0xFF, 0xFF, 0xFF, 0xFF, 0xFF, 0xFF, 0xFF, 0xFF,
  0xFF, 0xFF, 0xFF, 0xFF, 0xFF, 0xFF, 0xFF, 0xFF, 0xFF, 0xFF, 0xFF, 0xFF, 0xFF, 0xFF, 0xFF, 0xFF,
  0xFF, 0xFF, 0xFF, 0xFF, 0xFF, 0xFF, 0xFF, 0xFF, 0xFF, 0xFF, 0xFF, 0xFF, 0xFF, 0xFF, 0xFF, 0xFF,
  0xFF, 0xFF, 0xFF, 0xFF, 0xFF, 0xFF, 0xFF, 0xFF, 0xFF, 0xFF, 0xFF, 0xFF, 0xFF, 0xFF, 0xFF, 0xFF,
  0xFF, 0xFF, 0xFF, 0xFF, 0xFF, 0xFF, 0xFF, 0xFF, 0xFF, 0xFF, 0xFF, 0xFF, 0xFF, 0xFF, 0xFF, 0xFF,
  0xFF, 0xFF, 0xFF, 0xFF, 0xFF, 0xFF, 0xFF, 0xFF, 0xFF, 0xFF, 0xFF, 0xFF, 0xFF, 0xFF, 0xFF, 0xFF,
  0xFF, 0xFF, 0xFF, 0xFF, 0xFF, 0xFF, 0xFF, 0xFF, 0xFF, 0xFF, 0xFF, 0xFF, 0xFF, 0xFF, 0xFF, 0xFF,
  0xFF, 0xFF, 0xFF, 0xFF, 0xFF, 0xFF, 0xFF, 0xFF, 0xFF, 0xFF, 0xFF, 0xFF, 0xFF, 0xFF, 0xFF, 0xFF,
  0xFF, 0xFF, 0xFF, 0xFF, 0xFF, 0xFF, 0xFF, 0xFF, 0xFF, 0xFF, 0xFF, 0xFF, 0xFF, 0xFF, 0xFF, 0xFF,
  0xFF, 0xFF, 0xFF, 0xFF, 0xFF, 0xFF, 0xFF, 0xFF, 0xFF, 0xFF, 0xFF, 0xFF, 0xFF, 0xFF, 0xFF, 0xFF,
  0xFF, 0xFF, 0xFF, 0xFF, 0xFF, 0xFF, 0xFF, 0xFF, 0xFF, 0xFF, 0xFF, 0xFF, 0xFF, 0xFF, 0xFF, 0xFF,
  0xFF, 0xFF, 0xFF, 0xFF, 0xFF, 0xFF, 0xFF, 0xFF, 0xFF, 0xFF, 0xFF, 0xFF, 0xFF, 0xFF, 0xFF, 0xFF,
  0xFF, 0xFF, 0xFF, 0xFF, 0xFF, 0xFF, 0xFF, 0xFF, 0xFF, 0xFF, 0xFF, 0xFF, 0xFF, 0xFF, 0xFF, 0xFF,
  0xFF, 0xFF, 0xFF, 0xFF, 0xFF, 0xFF, 0xFF, 0xFF, 0xFF, 0xFF, 0xFF, 0xFF, 0xFF, 0xFF, 0xFF, 0xFF,
  0xFF, 0xFF, 0xFF, 0xFF, 0xFF, 0xFF, 0xFF, 0xFF, 0xFF, 0xFF, 0xFF, 0xFF, 0xFF, 0xFF, 0xFF, 0xFF,
  0xFF, 0xFF, 0xFF, 0xFF, 0xFF, 0xFF, 0xFF, 0xFF, 0xFF, 0xFF, 0xFF, 0xFF, 0xFF, 0xFF, 0xFF, 0xFF,
  0xFF, 0xFF, 0xFF, 0xFF, 0xFF, 0xFF, 0xFF, 0xFF, 0xFF, 0xFF, 0xFF, 0xFF, 0xFF, 0xFF, 0xFF, 0xFF,
  0xFF, 0xFF, 0xFF, 0xFF, 0xFF, 0xFF, 0xFF, 0xFF, 0xFF, 0xFF, 0xFF, 0xFF, 0xFF, 0xFF, 0xFF, 0xFF,
  0xFF, 0xFF, 0xFF, 0xFF, 0xFF, 0xFF, 0xFF, 0xFF, 0xFF, 0xFF, 0xFF, 0xFF, 0xFF, 0xFF, 0xFF, 0xFF,
  0xFF, 0xFF, 0xFF, 0xFF, 0xFF, 0xFF, 0xFF, 0xFF, 0xFF, 0xFF, 0xFF, 0xFF, 0xFF, 0xFF, 0xFF, 0xFF,
  0xFF, 0xFF, 0xFF, 0xFF, 0xFF, 0xFF, 0xFF, 0xFF, 0xFF, 0xFF, 0xFF, 0xFF, 0xFF, 0xFF, 0xFF, 0xFF,
  0xFF, 0xFF, 0xFF, 0xFF, 0xFF, 0xFF, 0xFF, 0xFF, 0xFF, 0xFF, 0xFF, 0xFF, 0xFF, 0xFF, 0xFF, 0xFF,
  0xFF, 0xFF, 0xFF, 0xFF, 0xFF, 0xFF, 0xFF, 0xFF, 0xFF, 0xFF, 0xFF, 0xFF, 0xFF, 0xFF, 0xFF, 0xFF,
  0xFF, 0xFF, 0xFF, 0xFF, 0xFF, 0xFF, 0xFF, 0xFF, 0xFF, 0xFF, 0xFF, 0xFF, 0xFF, 0xFF, 0xFF, 0xFF,
  0xFF, 0xFF, 0xFF, 0xFF, 0xFF, 0xFF, 0xFF, 0xFF, 0xFF, 0xFF, 0xFF, 0xFF, 0xFF, 0xFF, 0xFF, 0xFF,
  0xFF, 0xFF, 0xFF, 0xFF, 0xFF, 0xFF, 0xFF, 0xFF, 0xFF, 0xFF, 0xFF, 0xFF, 0xFF, 0xFF, 0xFF, 0xFF,
  0xFF, 0xFF, 0xFF, 0xFF, 0xFF, 0xFF, 0xFF, 0xFF, 0xFF, 0xFF, 0xFF, 0xFF, 0xFF, 0xFF, 0xFF, 0xFF,
  0xFF, 0xFF, 0xFF, 0xFF, 0xFF, 0xFF, 0xFF, 0xFF, 0xFF, 0xFF, 0xFF, 0xFF, 0xFF, 0xFF, 0xFF, 0xFF,
  0xFF, 0xFF, 0xFF, 0xFF, 0xFF, 0xFF, 0xFF, 0xFF, 0xFF, 0xFF, 0xFF, 0xFF, 0xFF, 0xFF, 0xFF, 0xFF,
  0xFF, 0xFF, 0xFF, 0xFF, 0xFF, 0xFF, 0xFF, 0xFF, 0xFF, 0xFF, 0xFF, 0xFF, 0xFF, 0xFF, 0xFF, 0xFF,
  0xFF, 0xFF, 0xFF, 0xFF, 0xFF, 0xFF, 0xFF, 0xFF, 0xFF, 0xFF, 0xFF, 0xFF, 0xFF, 0xFF, 0xFF, 0xFF,
  0xFF, 0xFF, 0xFF, 0xFF, 0xFF, 0xFF, 0xFF, 0xFF, 0xFF, 0xFF, 0xFF, 0xFF, 0xFF, 0xFF, 0xFF, 0xFF,
  0xFF, 0xFF, 0xFF, 0xFF, 0xFF, 0xFF, 0xFF, 0xFF, 0xFF, 0xFF, 0xFF, 0xFF, 0xFF, 0xFF, 0xFF, 0xFF,
  0xFF, 0xFF, 0xFF, 0xFF, 0xFF, 0xFF, 0xFF, 0xFF, 0xFF, 0xFF, 0xFF, 0xFF, 0xFF, 0xFF, 0xFF, 0xFF,
  0xFF, 0xFF, 0xFF, 0xFF, 0xFF, 0xFF, 0xFF, 0xFF, 0xFF, 0xFF, 0xFF, 0xFF, 0xFF, 0xFF, 0xFF, 0xFF,
  0xFF, 0xFF, 0xFF, 0xFF, 0xFF, 0xFF, 0xFF, 0xFF, 0xFF, 0xFF, 0xFF, 0xFF, 0xFF, 0xFF, 0xFF, 0xFF,
  0xFF, 0xFF, 0xFF, 0xFF, 0xFF, 0xFF, 0xFF, 0xFF, 0xFF, 0xFF, 0xFF, 0xFF, 0xFF, 0xFF, 0xFF, 0xFF,
  0xFF, 0xFF, 0xFF, 0xFF, 0xFF, 0xFF, 0xFF, 0xFF, 0xFF, 0xFF, 0xFF, 0xFF, 0xFF, 0xFF, 0xFF, 0xFF,
  0xFF, 0xFF, 0xFF, 0xFF, 0xFF, 0xFF, 0xFF, 0xFF, 0xFF, 0xFF, 0xFF, 0xFF, 0xFF, 0xFF, 0xFF, 0xFF,
  0xFF, 0xFF, 0xFF, 0xFF, 0xFF, 0xFF, 0xFF, 0xFF, 0xFF, 0xFF, 0xFF, 0xFF, 0xFF, 0xFF, 0xFF, 0xFF,
  0xFF, 0xFF, 0xFF, 0xFF, 0xFF, 0xFF, 0xFF, 0xFF, 0xFF, 0xFF, 0xFF, 0xFF, 0xFF, 0xFF, 0xFF, 0xFF,
  0xFF, 0xFF, 0xFF, 0xFF, 0xFF, 0xFF, 0xFF, 0xFF, 0xFF, 0xFF, 0xFF, 0xFF, 0xFF, 0xFF, 0xFF, 0xFF,
  0xFF, 0xFF, 0xFF, 0xFF, 0xFF, 0xFF, 0xFF, 0xFF, 0xFF, 0xFF, 0xFF, 0xFF, 0xFF, 0xFF, 0xFF, 0xFF,
  0xFF, 0xFF, 0xFF, 0xFF, 0xFF, 0xFF, 0xFF, 0xFF, 0xFF, 0xFF, 0xFF, 0xFF, 0xFF, 0xFF, 0xFF, 0xFF,
  0xFF, 0xFF, 0xFF, 0xFF, 0xFF, 0xFF, 0xFF, 0xFF, 0xFF, 0xFF, 0xFF, 0xFF, 0xFF, 0xFF, 0xFF, 0xFF,
  0xFF, 0xFF, 0xFF, 0xFF, 0xFF, 0xFF, 0xFF, 0xFF, 0xFF, 0xFF, 0xFF, 0xFF, 0xFF, 0xFF, 0xFF, 0xFF,
  0xFF, 0xFF, 0xFF, 0xFF, 0xFF, 0xFF, 0xFF, 0xFF, 0xFF, 0xFF, 0xFF, 0xFF, 0xFF, 0xFF, 0xFF, 0xFF,
  0xFF, 0xFF, 0xFF, 0xFF, 0xFF, 0xFF, 0xFF, 0xFF, 0xFF, 0xFF, 0xFF, 0xFF, 0xFF, 0xFF, 0xFF, 0xFF,
  0xFF, 0xFF, 0xFF, 0xFF, 0xFF, 0xFF, 0xFF, 0xFF, 0xFF, 0xFF, 0xFF, 0xFF, 0xFF, 0xFF, 0xFF, 0xFF,
  0xFF, 0xFF, 0xFF, 0xFF, 0xFF, 0xFF, 0xFF, 0xFF, 0xFF, 0xFF, 0xFF, 0xFF, 0xFF, 0xFF, 0xFF, 0xFF,
  0xFF, 0xFF, 0xFF, 0xFF, 0xFF, 0xFF, 0xFF, 0xFF, 0xFF, 0xFF, 0xFF, 0xFF, 0xFF, 0xFF, 0xFF, 0xFF,
  0xFF, 0xFF, 0xFF, 0xFF, 0xFF, 0xFF, 0xFF, 0xFF, 0xFF, 0xFF, 0xFF, 0xFF, 0xFF, 0xFF, 0xFF, 0xFF,
  0xFF, 0xFF, 0xFF, 0xFF, 0xFF, 0xFF, 0xFF, 0xFF, 0xFF, 0xFF, 0xFF, 0xFF, 0xFF, 0xFF, 0xFF, 0xFF,
  0xFF, 0xFF, 0xFF, 0xFF, 0xFF, 0xFF, 0xFF, 0xFF, 0xFF, 0xFF, 0xFF, 0xFF, 0xFF, 0xFF, 0xFF, 0xFF,
  0xFF, 0xFF, 0xFF, 0xFF, 0xFF, 0xFF, 0xFF, 0xFF, 0xFF, 0xFF, 0xFF, 0xFF, 0xFF, 0xFF, 0xFF, 0xFF,
  0xFF, 0xFF, 0xFF, 0xFF, 0xFF, 0xFF, 0xFF, 0xFF, 0xFF, 0xFF, 0xFF, 0xFF, 0xFF, 0xFF, 0xFF, 0xFF,
  0xFF, 0xFF, 0xFF, 0xFF, 0xFF, 0xFF, 0xFF, 0xFF, 0xFF, 0xFF, 0xFF, 0xFF, 0xFF, 0xFF, 0xFF, 0xFF,
  0xFF, 0xFF, 0xFF, 0xFF, 0xFF, 0xFF, 0xFF, 0xFF, 0xFF, 0xFF, 0xFF, 0xFF, 0xFF, 0xFF, 0xFF, 0xFF,
  0xFF, 0xFF, 0xFF, 0xFF, 0xFF, 0xFF, 0xFF, 0xFF, 0xFF, 0xFF, 0xFF, 0xFF, 0xFF, 0xFF, 0xFF, 0xFF,
  0xFF, 0xFF, 0xFF, 0xFF, 0xFF, 0xFF, 0xFF, 0xFF, 0xFF, 0xFF, 0xFF, 0xFF, 0xFF, 0xFF, 0xFF, 0xFF,
  0xFF, 0xFF, 0xFF, 0xFF, 0xFF, 0xFF, 0xFF, 0xFF, 0xFF, 0xFF, 0xFF, 0xFF, 0xFF, 0xFF, 0xFF, 0xFF,
  0xFF, 0xFF, 0xFF, 0xFF, 0xFF, 0xFF, 0xFF, 0xFF, 0xFF, 0xFF, 0xFF, 0xFF, 0xFF, 0xFF, 0xFF, 0xFF,
  0xFF, 0xFF, 0xFF, 0xFF, 0xFF, 0xFF, 0xFF, 0xFF, 0xFF, 0xFF, 0xFF, 0xFF, 0xFF, 0xFF, 0xFF, 0xFF,
  0xFF, 0xFF, 0xFF, 0xFF, 0xFF, 0xFF, 0xFF, 0xFF, 0xFF, 0xFF, 0xFF, 0xFF, 0xFF, 0xFF, 0xFF, 0xFF,
  0xFF, 0xFF, 0xFF, 0xFF, 0xFF, 0xFF, 0xFF, 0xFF, 0xFF, 0xFF, 0xFF, 0xFF, 0xFF, 0xFF, 0xFF, 0xFF,
  0xFF, 0xFF, 0xFF, 0xFF, 0xFF, 0xFF, 0xFF, 0xFF, 0xFF, 0xFF, 0xFF, 0xFF, 0xFF, 0xFF, 0xFF, 0xFF,
  0xFF, 0xFF, 0xFF, 0xFF, 0xFF, 0xFF, 0xFF, 0xFF, 0xFF, 0xFF, 0xFF, 0xFF, 0xFF, 0xFF, 0xFF, 0xFF,
  0xFF, 0xFF, 0xFF, 0xFF, 0xFF, 0xFF, 0xFF, 0xFF, 0xFF, 0xFF, 0xFF, 0xFF, 0xFF, 0xFF, 0xFF, 0xFF,
  0xFF, 0xFF, 0xFF, 0xFF, 0xFF, 0xFF, 0xFF, 0xFF, 0xFF, 0xFF, 0xFF, 0xFF, 0xFF, 0xFF, 0xFF, 0xFF,
  0xFF, 0xFF, 0xFF, 0xFF, 0xFF, 0xFF, 0xFF, 0xFF, 0xFF, 0xFF, 0xFF, 0xFF, 0xFF, 0xFF, 0xFF, 0xFF,
  0xFF, 0xFF, 0xFF, 0xFF, 0xFF, 0xFF, 0xFF, 0xFF, 0xFF, 0xFF, 0xFF, 0xFF, 0xFF, 0xFF, 0xFF, 0xFF,
  0xFF, 0xFF, 0xFF, 0xFF, 0xFF, 0xFF, 0xFF, 0xFF, 0xFF, 0xFF, 0xFF, 0xFF, 0xFF, 0xFF, 0xFF, 0xFF,
  0xFF, 0xFF, 0xFF, 0xFF, 0xFF, 0xFF, 0xFF, 0xFF, 0xFF, 0xFF, 0xFF, 0xFF, 0xFF, 0xFF, 0xFF, 0xFF,
  0xFF, 0xFF, 0xFF, 0xFF, 0xFF, 0xFF, 0xFF, 0xFF, 0xFF, 0xFF, 0xFF, 0xFF, 0xFF, 0xFF, 0xFF, 0xFF,
  0xFF, 0xFF, 0xFF, 0xFF, 0xFF, 0xFF, 0xFF, 0xFF, 0xFF, 0xFF, 0xFF, 0xFF, 0xFF, 0xFF, 0xFF, 0xFF,
  0xFF, 0xFF, 0xFF, 0xFF, 0xFF, 0xFF, 0xFF, 0xFF, 0xFF, 0xFF, 0xFF, 0xFF, 0xFF, 0xFF, 0xFF, 0xFF,
  0xFF, 0xFF, 0xFF, 0xFF, 0xFF, 0xFF, 0xFF, 0xFF, 0xFF, 0xFF, 0xFF, 0xFF, 0xFF, 0xFF, 0xFF, 0xFF,
  0xFF, 0xFF, 0xFF, 0xFF, 0xFF, 0xFF, 0xFF, 0xFF, 0xFF, 0xFF, 0xFF, 0xFF, 0xFF, 0xFF, 0xFF, 0xFF,
  0xFF, 0xFF, 0xFF, 0xFF, 0xFF, 0xFF, 0xFF, 0xFF, 0xFF, 0xFF, 0xFF, 0xFF, 0xFF, 0xFF, 0xFF, 0xFF,
  0xFF, 0xFF, 0xFF, 0xFF, 0xFF, 0xFF, 0xFF, 0xFF, 0xFF, 0xFF, 0xFF, 0xFF, 0xFF, 0xFF, 0xFF, 0xFF,
  0xFF, 0xFF, 0xFF, 0xFF, 0xFF, 0xFF, 0xFF, 0xFF, 0xFF, 0xFF, 0xFF, 0xFF, 0xFF, 0xFF, 0xFF, 0xFF,
  0xFF, 0xFF, 0xFF, 0xFF, 0xFF, 0xFF, 0xFF, 0xFF, 0xFF, 0xFF, 0xFF, 0xFF, 0xFF, 0xFF, 0xFF, 0xFF,
  0xFF, 0xFF, 0xFF, 0xFF, 0xFF, 0xFF, 0xFF, 0xFF, 0xFF, 0xFF, 0xFF, 0xFF, 0xFF, 0xFF, 0xFF, 0xFF,
  0xFF, 0xFF, 0xFF, 0xFF, 0xFF, 0xFF, 0xFF, 0xFF, 0xFF, 0xFF, 0xFF, 0xFF, 0xFF, 0xFF, 0xFF, 0xFF,
  0xFF, 0xFF, 0xFF, 0xFF, 0xFF, 0xFF, 0xFF, 0xFF, 0xFF, 0xFF, 0xFF, 0xFF, 0xFF, 0xFF, 0xFF, 0xFF,
  0xFF, 0xFF, 0xFF, 0xFF, 0xFF, 0xFF, 0xFF, 0xFF, 0xFF, 0xFF, 0xA5, 0xC0, 0x00, 0xC0, 0x00, 0x00
};
const uint32_t g_nes_rom_len = sizeof(g_nes_rom);
